Claim_ID,Patient_ID,Payer,Claim_Date,Billed_Amount,Paid_Amount,Outstanding_Balance,Status,Denial_Reason,Aging_Days
CLM-100001,PT-200019,Aetna,2025-03-03,3186.88,2393.7,793.18,Paid,,40
CLM-100002,PT-200167,UnitedHealthcare,2025-05-22,373.13,0.0,373.13,Pending,,33
CLM-100003,PT-200222,UnitedHealthcare,2025-01-25,3309.03,0.0,3309.03,Pending,,46
CLM-100004,PT-200213,BCBS,2025-10-08,2888.26,1835.7,1052.56,Paid,,26
CLM-100005,PT-200125,BCBS,2025-03-24,3257.76,3210.66,47.1,Paid,,6
CLM-100006,PT-200214,Aetna,2025-04-01,2429.09,2358.73,70.36,Paid,,30
CLM-100007,PT-200143,Medicare,2025-05-12,1052.85,738.13,314.72,Paid,,43
CLM-100008,PT-200022,Medicare,2025-09-14,3250.29,2643.09,607.2,Paid,,47
CLM-100009,PT-200007,BCBS,2025-10-15,2467.79,1900.27,567.52,Paid,,77
CLM-100010,PT-200273,Medicare,2025-06-29,3300.95,2088.22,1212.73,Paid,,107
CLM-100011,PT-200258,Cigna,2025-09-13,3761.11,3385.24,375.87,Paid,,22
CLM-100012,PT-200058,Aetna,2025-09-15,4042.8,3343.69,699.11,Paid,,27
CLM-100013,PT-200005,Medicare,2025-11-19,152.46,102.56,49.9,Paid,,96
CLM-100014,PT-200284,Medicare,2025-09-28,3827.48,2903.2,924.28,Paid,,33
CLM-100015,PT-200224,Cigna,2025-02-11,3671.88,2838.96,832.92,Paid,,44
CLM-100016,PT-200058,BCBS,2025-04-27,3263.82,2929.72,334.1,Paid,,98
CLM-100017,PT-200141,Medicare,2025-07-21,598.6,0.0,598.6,Denied,CO-16,95
CLM-100018,PT-200018,BCBS,2025-10-08,2974.08,0.0,2974.08,Pending,,23
CLM-100019,PT-200058,UnitedHealthcare,2025-10-27,2734.79,0.0,2734.79,Denied,CO-50,68
CLM-100020,PT-200273,Medicare,2025-02-20,1895.17,1399.44,495.73,Paid,,51
CLM-100021,PT-200086,Cigna,2025-12-19,951.24,603.43,347.81,Paid,,57
CLM-100022,PT-200144,UnitedHealthcare,2025-03-28,1224.69,0.0,1224.69,Pending,,96
CLM-100023,PT-200091,Cigna,2025-09-13,766.69,583.04,183.65,Paid,,109
CLM-100024,PT-200074,Medicare,2025-02-19,3504.84,3201.5,303.34,Paid,,79
CLM-100025,PT-200215,Cigna,2025-09-27,2112.22,2085.8,26.42,Paid,,92
CLM-100026,PT-200239,UnitedHealthcare,2025-07-20,3196.87,0.0,3196.87,Denied,CO-27,58
CLM-100027,PT-200152,Cigna,2025-03-07,4425.52,3367.52,1058.0,Paid,,99
CLM-100028,PT-200145,Medicare,2025-10-27,1702.82,1085.3,617.52,Paid,,111
CLM-100029,PT-200134,Aetna,2025-09-07,529.07,0.0,529.07,Denied,CO-50,82
CLM-100030,PT-200029,UnitedHealthcare,2025-10-10,1422.55,1058.17,364.38,Paid,,110
CLM-100031,PT-200274,BCBS,2025-07-24,1670.72,0.0,1670.72,Pending,,66
CLM-100032,PT-200278,UnitedHealthcare,2025-04-03,3942.59,3055.53,887.06,Paid,,70
CLM-100033,PT-200248,UnitedHealthcare,2025-01-29,470.07,429.11,40.96,Paid,,17
CLM-100034,PT-200281,UnitedHealthcare,2025-05-22,3672.76,3616.31,56.45,Paid,,98
CLM-100035,PT-200247,Cigna,2025-11-26,3713.28,3263.72,449.56,Paid,,101
CLM-100036,PT-200172,Medicare,2025-04-18,2794.31,1844.6,949.71,Paid,,5
CLM-100037,PT-200022,Cigna,2025-02-05,4515.98,4108.42,407.56,Paid,,9
CLM-100038,PT-200291,BCBS,2025-09-21,2962.08,0.0,2962.08,Denied,CO-50,68
CLM-100039,PT-200225,Medicare,2025-08-30,2832.2,2712.86,119.34,Paid,,107
CLM-100040,PT-200037,Cigna,2025-01-19,2962.43,2745.76,216.67,Paid,,48
CLM-100041,PT-200271,BCBS,2025-04-09,2501.09,0.0,2501.09,Pending,,6
CLM-100042,PT-200276,Aetna,2025-08-21,2425.11,2214.59,210.52,Paid,,39
CLM-100043,PT-200088,Cigna,2025-12-17,4557.26,0.0,4557.26,Denied,CO-50,115
CLM-100044,PT-200176,Medicare,2025-08-13,1511.22,1111.42,399.8,Paid,,59
CLM-100045,PT-200173,UnitedHealthcare,2025-10-25,3631.13,3389.1,242.03,Paid,,15
CLM-100046,PT-200112,UnitedHealthcare,2025-08-01,178.47,155.19,23.28,Paid,,2
CLM-100047,PT-200098,Medicare,2025-03-07,4937.33,0.0,4937.33,Pending,,63
CLM-100048,PT-200098,UnitedHealthcare,2025-01-08,1160.02,0.0,1160.02,Pending,,92
CLM-100049,PT-200092,Aetna,2025-08-16,656.77,585.11,71.66,Paid,,72
CLM-100050,PT-200148,UnitedHealthcare,2025-01-07,3425.66,0.0,3425.66,Denied,CO-27,49
CLM-100051,PT-200221,BCBS,2025-11-19,2643.66,1985.07,658.59,Paid,,49
CLM-100052,PT-200184,Medicare,2025-05-05,1409.92,955.47,454.45,Paid,,102
CLM-100053,PT-200113,UnitedHealthcare,2025-02-27,3910.17,3063.04,847.13,Paid,,96
CLM-100054,PT-200136,Medicare,2025-08-23,1511.79,1102.38,409.41,Paid,,81
CLM-100055,PT-200109,Medicare,2025-05-14,4112.93,3673.57,439.36,Paid,,51
CLM-100056,PT-200298,Aetna,2025-08-22,4790.63,4727.42,63.21,Paid,,61
CLM-100057,PT-200119,Aetna,2025-09-11,4982.16,3555.22,1426.94,Paid,,35
CLM-100058,PT-200189,Aetna,2026-01-01,4447.14,2715.45,1731.69,Paid,,78
CLM-100059,PT-200033,BCBS,2025-07-27,4503.69,3592.06,911.63,Paid,,42
CLM-100060,PT-200027,Aetna,2025-04-18,2774.78,1805.03,969.75,Paid,,13
CLM-100061,PT-200011,Cigna,2025-07-04,4345.49,2721.58,1623.91,Paid,,31
CLM-100062,PT-200139,Aetna,2025-07-15,1502.92,1254.99,247.93,Paid,,65
CLM-100063,PT-200083,Aetna,2025-09-07,797.8,0.0,797.8,Pending,,66
CLM-100064,PT-200288,Cigna,2025-05-16,2811.71,2448.24,363.47,Paid,,68
CLM-100065,PT-200191,Aetna,2025-08-07,3790.67,0.0,3790.67,Pending,,39
CLM-100066,PT-200280,Cigna,2025-08-26,3205.42,2242.86,962.56,Paid,,91
CLM-100067,PT-200101,Aetna,2025-06-25,2782.25,1801.08,981.17,Paid,,48
CLM-100068,PT-200047,UnitedHealthcare,2025-01-26,3514.5,0.0,3514.5,Pending,,109
CLM-100069,PT-200081,Medicare,2025-07-10,3725.51,3330.93,394.58,Paid,,15
CLM-100070,PT-200174,UnitedHealthcare,2025-10-16,1661.73,0.0,1661.73,Denied,CO-16,93
CLM-100071,PT-200170,UnitedHealthcare,2025-12-31,618.6,514.7,103.9,Paid,,110
CLM-100072,PT-200034,UnitedHealthcare,2025-04-25,1715.84,1403.88,311.96,Paid,,55
CLM-100073,PT-200215,UnitedHealthcare,2025-06-11,2346.92,0.0,2346.92,Pending,,84
CLM-100074,PT-200054,Medicare,2025-02-16,3050.3,0.0,3050.3,Denied,CO-27,9
CLM-100075,PT-200140,Medicare,2025-04-12,4796.09,0.0,4796.09,Denied,CO-27,18
CLM-100076,PT-200248,Cigna,2025-01-22,1314.76,1069.68,245.08,Paid,,2
CLM-100077,PT-200168,Medicare,2025-12-17,2181.12,0.0,2181.12,Denied,CO-16,56
CLM-100078,PT-200216,Medicare,2025-11-27,2562.87,0.0,2562.87,Pending,,91
CLM-100079,PT-200022,UnitedHealthcare,2025-04-14,2119.07,2042.78,76.29,Paid,,115
CLM-100080,PT-200124,Aetna,2025-02-01,876.54,745.88,130.66,Paid,,108
CLM-100081,PT-200046,Medicare,2025-04-12,1615.0,1483.75,131.25,Paid,,87
CLM-100082,PT-200067,Aetna,2025-04-27,339.79,0.0,339.79,Denied,CO-27,113
CLM-100083,PT-200176,BCBS,2025-01-25,4718.62,3589.42,1129.2,Paid,,7
CLM-100084,PT-200296,Medicare,2025-03-09,4706.95,0.0,4706.95,Pending,,24
CLM-100085,PT-200156,Medicare,2025-07-29,4066.59,3173.86,892.73,Paid,,60
CLM-100086,PT-200242,Aetna,2025-05-15,1557.72,1223.4,334.32,Paid,,82
CLM-100087,PT-200283,UnitedHealthcare,2025-02-03,4139.45,3154.18,985.27,Paid,,20
CLM-100088,PT-200212,UnitedHealthcare,2025-07-03,1581.82,0.0,1581.82,Denied,CO-18,66
CLM-100089,PT-200077,UnitedHealthcare,2025-06-28,4325.2,3787.28,537.92,Paid,,53
CLM-100090,PT-200230,BCBS,2025-12-16,874.66,809.57,65.09,Paid,,21
CLM-100091,PT-200134,Medicare,2025-12-08,1103.33,0.0,1103.33,Pending,,26
CLM-100092,PT-200236,Medicare,2025-01-22,527.06,0.0,527.06,Denied,CO-16,115
CLM-100093,PT-200075,Aetna,2025-12-28,575.59,406.18,169.41,Paid,,60
CLM-100094,PT-200107,Cigna,2025-03-04,4246.06,2752.11,1493.95,Paid,,102
CLM-100095,PT-200133,UnitedHealthcare,2025-03-03,1820.89,1507.06,313.83,Paid,,10
CLM-100096,PT-200297,UnitedHealthcare,2025-06-17,2925.48,2768.21,157.27,Paid,,112
CLM-100097,PT-200201,Medicare,2025-01-31,2939.57,0.0,2939.57,Pending,,86
CLM-100098,PT-200133,Aetna,2025-09-02,4453.37,2911.23,1542.14,Paid,,93
CLM-100099,PT-200228,Medicare,2025-06-22,711.82,498.67,213.15,Paid,,77
CLM-100100,PT-200160,UnitedHealthcare,2025-08-31,2307.53,2187.39,120.14,Paid,,116
CLM-100101,PT-200050,Medicare,2025-07-29,4665.38,3738.43,926.95,Paid,,64
CLM-100102,PT-200079,UnitedHealthcare,2025-09-10,2106.56,1266.8,839.76,Paid,,25
CLM-100103,PT-200299,BCBS,2025-08-04,3653.62,2247.62,1406.0,Paid,,27
CLM-100104,PT-200265,Medicare,2025-03-09,4138.15,3354.16,783.99,Paid,,115
CLM-100105,PT-200010,Aetna,2025-12-18,1057.97,796.36,261.61,Paid,,59
CLM-100106,PT-200126,Medicare,2025-05-16,3773.87,0.0,3773.87,Denied,CO-16,68
CLM-100107,PT-200122,Aetna,2025-02-22,3918.3,3535.41,382.89,Paid,,109
CLM-100108,PT-200124,UnitedHealthcare,2025-05-17,3806.56,2630.27,1176.29,Paid,,115
CLM-100109,PT-200074,Medicare,2025-05-29,3448.62,3134.73,313.89,Paid,,40
CLM-100110,PT-200173,Cigna,2025-03-05,2941.84,2860.7,81.14,Paid,,95
CLM-100111,PT-200127,UnitedHealthcare,2025-09-05,3422.7,3100.7,322.0,Paid,,49
CLM-100112,PT-200204,Aetna,2025-04-07,2427.79,1459.64,968.15,Paid,,40
CLM-100113,PT-200297,Aetna,2025-06-20,2741.59,2314.07,427.52,Paid,,70
CLM-100114,PT-200034,Medicare,2025-04-03,4686.74,3390.43,1296.31,Paid,,103
CLM-100115,PT-200192,BCBS,2025-06-22,2841.72,0.0,2841.72,Pending,,8
CLM-100116,PT-200095,UnitedHealthcare,2025-02-06,998.26,0.0,998.26,Denied,CO-50,26
CLM-100117,PT-200119,Aetna,2025-09-14,965.35,597.37,367.98,Paid,,114
CLM-100118,PT-200251,UnitedHealthcare,2025-07-25,1305.05,1053.82,251.23,Paid,,69
CLM-100119,PT-200183,Cigna,2025-07-18,1140.59,996.69,143.9,Paid,,15
CLM-100120,PT-200197,Cigna,2025-04-27,1327.38,0.0,1327.38,Pending,,61
CLM-100121,PT-200266,UnitedHealthcare,2025-02-11,4883.07,4033.44,849.63,Paid,,107
CLM-100122,PT-200116,Cigna,2025-08-06,2801.03,2329.21,471.82,Paid,,113
CLM-100123,PT-200212,Aetna,2025-05-06,3398.79,2329.86,1068.93,Paid,,1
CLM-100124,PT-200133,UnitedHealthcare,2025-03-30,3124.73,2197.86,926.87,Paid,,72
CLM-100125,PT-200293,Medicare,2025-02-09,2218.0,0.0,2218.0,Denied,CO-50,57
CLM-100126,PT-200234,UnitedHealthcare,2025-08-21,1961.06,1278.67,682.39,Paid,,33
CLM-100127,PT-200188,UnitedHealthcare,2025-12-23,4383.41,0.0,4383.41,Pending,,44
CLM-100128,PT-200187,Cigna,2025-03-12,2897.73,2314.82,582.91,Paid,,108
CLM-100129,PT-200123,Cigna,2025-03-01,3249.91,3014.7,235.21,Paid,,113
CLM-100130,PT-200003,BCBS,2025-03-25,2901.08,2851.83,49.25,Paid,,94
CLM-100131,PT-200276,BCBS,2025-07-03,2018.07,0.0,2018.07,Pending,,14
CLM-100132,PT-200070,BCBS,2025-11-11,1825.56,1512.78,312.78,Paid,,32
CLM-100133,PT-200274,UnitedHealthcare,2025-07-03,2152.78,2118.6,34.18,Paid,,102
CLM-100134,PT-200200,Aetna,2025-01-13,603.54,0.0,603.54,Denied,CO-18,45
CLM-100135,PT-200157,Cigna,2025-06-30,477.37,395.32,82.05,Paid,,13
CLM-100136,PT-200191,Medicare,2025-04-23,4827.18,0.0,4827.18,Pending,,87
CLM-100137,PT-200009,Medicare,2025-06-22,2140.06,2056.89,83.17,Paid,,67
CLM-100138,PT-200012,Cigna,2025-12-05,652.56,0.0,652.56,Denied,CO-16,120
CLM-100139,PT-200036,Cigna,2025-10-12,4098.97,0.0,4098.97,Denied,CO-16,40
CLM-100140,PT-200143,Cigna,2025-01-07,4896.1,4792.74,103.36,Paid,,16
CLM-100141,PT-200016,Cigna,2025-10-31,2240.09,1548.89,691.2,Paid,,89
CLM-100142,PT-200215,UnitedHealthcare,2025-09-19,942.53,881.66,60.87,Paid,,3
CLM-100143,PT-200259,Cigna,2025-04-10,4634.08,0.0,4634.08,Denied,CO-18,6
CLM-100144,PT-200151,UnitedHealthcare,2025-06-24,4687.87,4084.19,603.68,Paid,,39
CLM-100145,PT-200190,Cigna,2025-05-13,3814.64,0.0,3814.64,Pending,,118
CLM-100146,PT-200273,UnitedHealthcare,2025-05-17,4646.25,3854.19,792.06,Paid,,70
CLM-100147,PT-200051,Cigna,2025-09-06,1065.51,902.7,162.81,Paid,,21
CLM-100148,PT-200260,Cigna,2025-03-29,3400.43,2339.99,1060.44,Paid,,114
CLM-100149,PT-200048,Cigna,2025-01-30,2062.52,0.0,2062.52,Pending,,77
CLM-100150,PT-200150,Cigna,2025-06-06,633.25,526.69,106.56,Paid,,66
CLM-100151,PT-200279,BCBS,2025-07-30,1706.04,1237.29,468.75,Paid,,119
CLM-100152,PT-200300,Aetna,2025-06-24,3672.09,0.0,3672.09,Pending,,42
CLM-100153,PT-200066,Aetna,2025-05-09,4481.22,3164.19,1317.03,Paid,,25
CLM-100154,PT-200109,UnitedHealthcare,2025-11-15,4515.88,0.0,4515.88,Denied,CO-18,15
CLM-100155,PT-200142,BCBS,2025-06-09,4478.48,0.0,4478.48,Pending,,118
CLM-100156,PT-200121,BCBS,2025-06-11,317.99,271.22,46.77,Paid,,30
CLM-100157,PT-200003,Cigna,2025-05-15,2147.01,0.0,2147.01,Denied,CO-18,117
CLM-100158,PT-200212,BCBS,2025-05-12,1742.04,1085.99,656.05,Paid,,69
CLM-100159,PT-200092,Medicare,2025-01-16,386.01,0.0,386.01,Denied,CO-50,88
CLM-100160,PT-200283,BCBS,2025-05-22,2949.16,2195.6,753.56,Paid,,97
CLM-100161,PT-200211,BCBS,2025-03-17,2475.19,2229.95,245.24,Paid,,117
CLM-100162,PT-200059,Aetna,2025-06-26,2414.42,0.0,2414.42,Pending,,78
CLM-100163,PT-200121,UnitedHealthcare,2025-05-30,1597.45,0.0,1597.45,Pending,,69
CLM-100164,PT-200060,Medicare,2025-11-09,2066.76,1412.81,653.95,Paid,,85
CLM-100165,PT-200270,UnitedHealthcare,2025-12-06,3076.63,2313.51,763.12,Paid,,115
CLM-100166,PT-200033,Cigna,2025-08-12,3237.2,3010.32,226.88,Paid,,119
CLM-100167,PT-200072,Aetna,2025-04-19,154.3,119.31,34.99,Paid,,98
CLM-100168,PT-200300,BCBS,2025-07-08,3924.29,0.0,3924.29,Pending,,68
CLM-100169,PT-200159,BCBS,2025-07-18,2117.38,0.0,2117.38,Denied,CO-27,104
CLM-100170,PT-200103,Medicare,2025-12-20,532.77,359.35,173.42,Paid,,59
CLM-100171,PT-200258,Medicare,2025-11-05,381.63,308.03,73.6,Paid,,44
CLM-100172,PT-200041,Aetna,2025-07-19,3941.34,0.0,3941.34,Denied,CO-50,25
CLM-100173,PT-200230,Aetna,2025-03-03,445.09,378.43,66.66,Paid,,56
CLM-100174,PT-200223,Aetna,2025-03-02,4175.22,2953.49,1221.73,Paid,,119
CLM-100175,PT-200283,Aetna,2025-06-06,895.11,773.42,121.69,Paid,,38
CLM-100176,PT-200144,Cigna,2025-08-27,3032.32,0.0,3032.32,Denied,CO-18,25
CLM-100177,PT-200005,Aetna,2025-04-09,999.92,0.0,999.92,Pending,,49
CLM-100178,PT-200273,Medicare,2025-05-22,1526.23,1037.49,488.74,Paid,,76
CLM-100179,PT-200247,Cigna,2025-12-07,643.75,0.0,643.75,Pending,,9
CLM-100180,PT-200077,Medicare,2025-12-10,3878.2,3647.97,230.23,Paid,,34
CLM-100181,PT-200270,Aetna,2025-10-05,2271.89,2214.31,57.58,Paid,,107
CLM-100182,PT-200135,UnitedHealthcare,2025-10-31,4261.29,3757.3,503.99,Paid,,55
CLM-100183,PT-200230,BCBS,2025-08-16,1080.23,0.0,1080.23,Denied,CO-27,43
CLM-100184,PT-200068,Cigna,2025-08-24,1638.47,0.0,1638.47,Pending,,114
CLM-100185,PT-200251,BCBS,2025-12-23,3810.25,2375.97,1434.28,Paid,,84
CLM-100186,PT-200009,Aetna,2025-06-29,644.32,477.78,166.54,Paid,,41
CLM-100187,PT-200180,Cigna,2025-04-14,4136.18,2899.15,1237.03,Paid,,35
CLM-100188,PT-200111,Medicare,2025-03-30,159.53,140.17,19.36,Paid,,46
CLM-100189,PT-200075,Medicare,2025-09-05,922.09,0.0,922.09,Pending,,45
CLM-100190,PT-200261,Cigna,2025-09-10,4220.99,0.0,4220.99,Pending,,90
CLM-100191,PT-200089,Cigna,2025-12-19,4793.73,0.0,4793.73,Denied,CO-27,18
CLM-100192,PT-200185,Cigna,2025-07-29,3223.95,0.0,3223.95,Denied,CO-18,1
CLM-100193,PT-200040,Aetna,2025-11-10,4583.72,2989.26,1594.46,Paid,,63
CLM-100194,PT-200061,Medicare,2025-04-13,3788.05,3571.06,216.99,Paid,,67
CLM-100195,PT-200087,UnitedHealthcare,2025-02-28,2529.29,2177.46,351.83,Paid,,85
CLM-100196,PT-200195,Aetna,2025-06-10,4561.11,0.0,4561.11,Denied,CO-50,50
CLM-100197,PT-200065,Medicare,2025-11-28,291.82,245.25,46.57,Paid,,86
CLM-100198,PT-200086,Cigna,2025-07-06,2660.08,2207.55,452.53,Paid,,69
CLM-100199,PT-200167,Medicare,2025-08-07,1508.43,1346.13,162.3,Paid,,48
CLM-100200,PT-200222,Aetna,2025-01-10,3568.47,2794.38,774.09,Paid,,112
CLM-100201,PT-200175,BCBS,2025-05-05,660.29,0.0,660.29,Denied,CO-16,77
CLM-100202,PT-200057,Cigna,2025-03-06,381.77,0.0,381.77,Pending,,110
CLM-100203,PT-200021,Aetna,2025-08-05,3237.52,3079.7,157.82,Paid,,48
CLM-100204,PT-200282,BCBS,2025-07-09,1065.36,819.23,246.13,Paid,,22
CLM-100205,PT-200284,Cigna,2025-07-23,1418.3,979.62,438.68,Paid,,11
CLM-100206,PT-200159,BCBS,2025-08-26,4362.89,0.0,4362.89,Pending,,17
CLM-100207,PT-200106,BCBS,2025-03-04,3371.32,0.0,3371.32,Pending,,64
CLM-100208,PT-200073,Medicare,2025-09-10,4176.8,2759.56,1417.24,Paid,,4
CLM-100209,PT-200074,Aetna,2025-12-22,2394.42,1737.1,657.32,Paid,,82
CLM-100210,PT-200117,Cigna,2025-10-25,4013.18,2631.34,1381.84,Paid,,44
CLM-100211,PT-200148,BCBS,2025-12-04,2954.38,0.0,2954.38,Denied,CO-16,13
CLM-100212,PT-200032,Cigna,2025-02-01,1621.98,1613.63,8.35,Paid,,46
CLM-100213,PT-200111,BCBS,2025-12-11,3676.56,2309.71,1366.85,Paid,,114
CLM-100214,PT-200015,UnitedHealthcare,2025-04-08,780.24,679.28,100.96,Paid,,42
CLM-100215,PT-200072,Aetna,2025-03-06,987.14,742.02,245.12,Paid,,26
CLM-100216,PT-200250,BCBS,2025-12-14,2902.4,0.0,2902.4,Denied,CO-16,62
CLM-100217,PT-200176,BCBS,2025-08-21,2018.82,1566.29,452.53,Paid,,65
CLM-100218,PT-200186,Aetna,2025-02-20,2481.49,2088.71,392.78,Paid,,63
CLM-100219,PT-200017,UnitedHealthcare,2025-05-11,1446.3,1285.82,160.48,Paid,,1
CLM-100220,PT-200254,Medicare,2025-04-13,893.82,869.76,24.06,Paid,,49
CLM-100221,PT-200094,UnitedHealthcare,2025-09-21,3295.97,2399.22,896.75,Paid,,89
CLM-100222,PT-200133,UnitedHealthcare,2025-05-15,1589.18,1410.45,178.73,Paid,,44
CLM-100223,PT-200102,Aetna,2025-08-04,767.4,528.09,239.31,Paid,,89
CLM-100224,PT-200218,BCBS,2025-01-31,1962.68,1636.46,326.22,Paid,,10
CLM-100225,PT-200122,Medicare,2025-06-14,2819.21,2086.39,732.82,Paid,,28
CLM-100226,PT-200050,UnitedHealthcare,2025-01-24,3323.72,2012.27,1311.45,Paid,,108
CLM-100227,PT-200009,Cigna,2025-02-12,1241.55,749.93,491.62,Paid,,11
CLM-100228,PT-200019,Medicare,2025-10-14,4145.16,0.0,4145.16,Denied,CO-27,22
CLM-100229,PT-200254,Medicare,2025-08-26,461.5,0.0,461.5,Denied,CO-27,35
CLM-100230,PT-200128,Aetna,2025-10-13,1537.27,1159.96,377.31,Paid,,107
CLM-100231,PT-200299,Cigna,2025-10-09,2421.77,1523.57,898.2,Paid,,66
CLM-100232,PT-200151,Medicare,2025-01-22,4061.78,3635.42,426.36,Paid,,73
CLM-100233,PT-200229,Aetna,2025-11-22,1643.45,1402.6,240.85,Paid,,6
CLM-100234,PT-200007,Cigna,2025-07-13,2707.6,2171.99,535.61,Paid,,23
CLM-100235,PT-200184,Aetna,2025-09-03,548.46,0.0,548.46,Denied,CO-16,87
CLM-100236,PT-200299,UnitedHealthcare,2025-01-26,3536.58,3108.64,427.94,Paid,,21
CLM-100237,PT-200023,Medicare,2025-02-10,2380.19,1495.84,884.35,Paid,,13
CLM-100238,PT-200127,UnitedHealthcare,2025-11-18,1375.66,925.82,449.84,Paid,,120
CLM-100239,PT-200145,UnitedHealthcare,2025-03-02,4824.19,3752.47,1071.72,Paid,,36
CLM-100240,PT-200152,Aetna,2025-10-11,4783.49,2998.32,1785.17,Paid,,40
CLM-100241,PT-200267,BCBS,2025-11-15,4188.19,2521.54,1666.65,Paid,,116
CLM-100242,PT-200174,Aetna,2025-10-27,3669.67,3133.71,535.96,Paid,,73
CLM-100243,PT-200256,Aetna,2025-08-11,3160.05,2237.39,922.66,Paid,,74
CLM-100244,PT-200032,BCBS,2025-05-30,158.73,0.0,158.73,Pending,,7
CLM-100245,PT-200004,Medicare,2025-04-20,2019.49,1544.13,475.36,Paid,,107
CLM-100246,PT-200142,UnitedHealthcare,2025-08-01,1490.53,1187.44,303.09,Paid,,55
CLM-100247,PT-200273,Cigna,2025-06-05,2015.48,0.0,2015.48,Pending,,1
CLM-100248,PT-200062,Aetna,2025-12-09,3730.78,0.0,3730.78,Pending,,67
CLM-100249,PT-200059,Cigna,2025-02-15,2830.73,2733.86,96.87,Paid,,118
CLM-100250,PT-200203,Aetna,2025-05-17,2316.17,2065.87,250.3,Paid,,37
CLM-100251,PT-200099,Aetna,2025-09-17,433.57,409.39,24.18,Paid,,24
CLM-100252,PT-200172,Medicare,2025-02-12,2924.67,0.0,2924.67,Denied,CO-50,8
CLM-100253,PT-200042,Aetna,2025-01-17,4908.64,4905.96,2.68,Paid,,86
CLM-100254,PT-200023,BCBS,2025-07-14,342.42,247.75,94.67,Paid,,92
CLM-100255,PT-200238,Aetna,2025-09-15,1268.41,1211.63,56.78,Paid,,113
CLM-100256,PT-200103,BCBS,2025-07-06,2489.85,0.0,2489.85,Denied,CO-27,42
CLM-100257,PT-200206,BCBS,2025-07-26,1426.06,997.7,428.36,Paid,,108
CLM-100258,PT-200228,Aetna,2025-01-14,2389.24,1682.01,707.23,Paid,,46
CLM-100259,PT-200022,Aetna,2025-05-10,3523.94,2347.95,1175.99,Paid,,6
CLM-100260,PT-200253,Medicare,2025-10-06,696.71,606.69,90.02,Paid,,27
CLM-100261,PT-200140,Medicare,2025-10-23,3446.44,0.0,3446.44,Denied,CO-18,48
CLM-100262,PT-200023,BCBS,2025-08-05,3571.37,0.0,3571.37,Pending,,103
CLM-100263,PT-200249,UnitedHealthcare,2025-07-14,2548.67,1910.06,638.61,Paid,,88
CLM-100264,PT-200224,BCBS,2025-12-10,2880.14,2767.22,112.92,Paid,,118
CLM-100265,PT-200170,UnitedHealthcare,2025-08-02,2669.72,0.0,2669.72,Pending,,20
CLM-100266,PT-200071,Aetna,2025-06-13,2194.45,1850.89,343.56,Paid,,76
CLM-100267,PT-200163,Medicare,2025-04-05,345.12,312.36,32.76,Paid,,3
CLM-100268,PT-200038,Medicare,2025-07-20,2663.26,0.0,2663.26,Pending,,48
CLM-100269,PT-200266,Aetna,2025-02-15,3262.16,0.0,3262.16,Denied,CO-16,89
CLM-100270,PT-200087,BCBS,2025-03-22,289.53,254.41,35.12,Paid,,37
CLM-100271,PT-200152,Aetna,2025-04-12,4642.21,0.0,4642.21,Pending,,77
CLM-100272,PT-200281,UnitedHealthcare,2025-01-19,4483.23,0.0,4483.23,Pending,,83
CLM-100273,PT-200168,UnitedHealthcare,2025-01-23,2451.62,1827.44,624.18,Paid,,7
CLM-100274,PT-200182,UnitedHealthcare,2025-04-30,4880.5,4240.45,640.05,Paid,,95
CLM-100275,PT-200112,Medicare,2025-10-24,2359.87,1902.31,457.56,Paid,,93
CLM-100276,PT-200005,Aetna,2025-10-12,2722.91,0.0,2722.91,Pending,,108
CLM-100277,PT-200282,Aetna,2025-07-04,4327.05,2982.86,1344.19,Paid,,74
CLM-100278,PT-200034,Cigna,2025-12-09,4225.27,3017.37,1207.9,Paid,,12
CLM-100279,PT-200019,Aetna,2025-03-06,3827.17,3114.71,712.46,Paid,,46
CLM-100280,PT-200273,Cigna,2025-07-16,1614.69,1038.8,575.89,Paid,,5
CLM-100281,PT-200063,BCBS,2025-03-03,4491.88,0.0,4491.88,Denied,CO-50,46
CLM-100282,PT-200089,Medicare,2025-02-09,3124.67,0.0,3124.67,Denied,CO-18,49
CLM-100283,PT-200161,BCBS,2025-07-14,1018.38,943.43,74.95,Paid,,14
CLM-100284,PT-200173,BCBS,2025-06-22,3642.5,0.0,3642.5,Pending,,80
CLM-100285,PT-200129,Cigna,2025-03-06,1648.4,1626.91,21.49,Paid,,48
CLM-100286,PT-200117,Aetna,2025-11-25,2472.27,0.0,2472.27,Pending,,111
CLM-100287,PT-200218,UnitedHealthcare,2025-01-24,2806.27,0.0,2806.27,Pending,,59
CLM-100288,PT-200299,Cigna,2025-07-06,1240.45,0.0,1240.45,Pending,,20
CLM-100289,PT-200200,UnitedHealthcare,2025-06-16,434.15,286.65,147.5,Paid,,21
CLM-100290,PT-200246,Cigna,2025-06-01,2875.05,0.0,2875.05,Denied,CO-27,15
CLM-100291,PT-200025,Aetna,2025-04-02,273.97,0.0,273.97,Pending,,94
CLM-100292,PT-200256,Medicare,2025-08-02,3616.76,2987.47,629.29,Paid,,115
CLM-100293,PT-200209,UnitedHealthcare,2025-02-15,1442.22,0.0,1442.22,Pending,,8
CLM-100294,PT-200166,Medicare,2025-06-28,3798.51,2283.72,1514.79,Paid,,21
CLM-100295,PT-200082,Cigna,2025-09-20,4610.75,4229.2,381.55,Paid,,57
CLM-100296,PT-200167,Medicare,2025-10-09,1934.07,0.0,1934.07,Pending,,37
CLM-100297,PT-200238,BCBS,2025-06-05,4443.72,4239.13,204.59,Paid,,57
CLM-100298,PT-200236,Medicare,2025-06-05,4142.13,0.0,4142.13,Denied,CO-18,52
CLM-100299,PT-200027,Cigna,2025-03-15,239.8,0.0,239.8,Denied,CO-50,118
CLM-100300,PT-200031,Medicare,2025-11-30,194.08,0.0,194.08,Pending,,73
CLM-100301,PT-200092,UnitedHealthcare,2025-07-19,3396.33,2959.24,437.09,Paid,,113
CLM-100302,PT-200141,Aetna,2025-08-08,2951.39,2177.61,773.78,Paid,,3
CLM-100303,PT-200114,BCBS,2025-03-20,529.62,0.0,529.62,Pending,,84
CLM-100304,PT-200167,Aetna,2025-11-30,2518.63,0.0,2518.63,Denied,CO-16,84
CLM-100305,PT-200293,Cigna,2025-08-03,3579.24,2782.65,796.59,Paid,,59
CLM-100306,PT-200185,UnitedHealthcare,2025-09-27,3323.32,0.0,3323.32,Denied,CO-50,6
CLM-100307,PT-200148,BCBS,2025-12-29,4274.67,2894.62,1380.05,Paid,,101
CLM-100308,PT-200003,Cigna,2025-12-25,2162.42,2153.29,9.13,Paid,,96
CLM-100309,PT-200269,Cigna,2025-07-13,168.37,110.8,57.57,Paid,,10
CLM-100310,PT-200045,UnitedHealthcare,2025-09-23,612.83,401.02,211.81,Paid,,1
CLM-100311,PT-200114,Cigna,2025-01-24,4526.41,3423.57,1102.84,Paid,,43
CLM-100312,PT-200126,UnitedHealthcare,2025-12-10,3305.08,2223.83,1081.25,Paid,,112
CLM-100313,PT-200215,Cigna,2025-06-11,2190.38,1898.83,291.55,Paid,,43
CLM-100314,PT-200122,BCBS,2025-08-21,1037.35,806.78,230.57,Paid,,79
CLM-100315,PT-200294,BCBS,2025-05-09,2770.6,1835.64,934.96,Paid,,105
CLM-100316,PT-200136,Medicare,2025-01-05,2941.48,2774.37,167.11,Paid,,69
CLM-100317,PT-200077,Aetna,2025-10-15,4253.86,0.0,4253.86,Pending,,82
CLM-100318,PT-200213,UnitedHealthcare,2025-08-29,4570.62,4348.76,221.86,Paid,,3
CLM-100319,PT-200250,Aetna,2025-06-11,2023.02,1861.66,161.36,Paid,,104
CLM-100320,PT-200267,Cigna,2025-03-11,3509.78,2939.7,570.08,Paid,,14
CLM-100321,PT-200070,UnitedHealthcare,2025-11-09,1566.99,1339.06,227.93,Paid,,78
CLM-100322,PT-200298,Cigna,2025-10-10,519.75,336.29,183.46,Paid,,27
CLM-100323,PT-200171,UnitedHealthcare,2025-06-05,1982.61,0.0,1982.61,Pending,,63
CLM-100324,PT-200229,Aetna,2025-09-25,2312.04,1628.39,683.65,Paid,,108
CLM-100325,PT-200154,UnitedHealthcare,2025-03-30,310.62,190.35,120.27,Paid,,20
CLM-100326,PT-200273,Aetna,2025-01-20,3593.31,3370.99,222.32,Paid,,58
CLM-100327,PT-200299,UnitedHealthcare,2025-11-25,2925.43,2362.08,563.35,Paid,,109
CLM-100328,PT-200143,Cigna,2025-10-21,2613.32,0.0,2613.32,Denied,CO-27,43
CLM-100329,PT-200193,Medicare,2025-01-27,1917.71,0.0,1917.71,Denied,CO-50,61
CLM-100330,PT-200188,Aetna,2025-03-19,1702.53,1352.62,349.91,Paid,,110
CLM-100331,PT-200285,Aetna,2025-10-11,4435.81,0.0,4435.81,Pending,,90
CLM-100332,PT-200158,UnitedHealthcare,2025-06-01,4718.5,3590.46,1128.04,Paid,,78
CLM-100333,PT-200273,UnitedHealthcare,2025-08-24,2365.46,2004.54,360.92,Paid,,87
CLM-100334,PT-200282,Cigna,2025-07-24,1631.19,1213.77,417.42,Paid,,84
CLM-100335,PT-200085,Medicare,2025-06-28,1703.78,1095.39,608.39,Paid,,63
CLM-100336,PT-200100,Medicare,2025-09-24,1234.11,871.82,362.29,Paid,,111
CLM-100337,PT-200218,UnitedHealthcare,2025-06-24,553.01,393.31,159.7,Paid,,27
CLM-100338,PT-200110,UnitedHealthcare,2025-02-27,4904.11,3135.67,1768.44,Paid,,107
CLM-100339,PT-200004,Cigna,2025-12-24,1407.64,1233.24,174.4,Paid,,113
CLM-100340,PT-200066,BCBS,2025-11-21,4786.05,3639.55,1146.5,Paid,,117
CLM-100341,PT-200101,Medicare,2025-12-31,2806.57,0.0,2806.57,Pending,,5
CLM-100342,PT-200089,BCBS,2025-11-19,4440.19,0.0,4440.19,Pending,,7
CLM-100343,PT-200043,Aetna,2025-04-14,3798.0,0.0,3798.0,Pending,,118
CLM-100344,PT-200290,UnitedHealthcare,2025-04-20,4874.26,2995.32,1878.94,Paid,,105
CLM-100345,PT-200061,Cigna,2025-03-01,600.28,593.73,6.55,Paid,,79
CLM-100346,PT-200093,Cigna,2025-04-07,3211.38,2930.51,280.87,Paid,,46
CLM-100347,PT-200020,Medicare,2025-06-29,3123.68,2428.18,695.5,Paid,,78
CLM-100348,PT-200002,Medicare,2025-06-09,2760.29,0.0,2760.29,Pending,,47
CLM-100349,PT-200271,UnitedHealthcare,2025-12-10,2221.46,1849.61,371.85,Paid,,67
CLM-100350,PT-200175,BCBS,2025-12-08,4002.62,0.0,4002.62,Denied,CO-18,13
CLM-100351,PT-200166,Medicare,2025-09-28,2583.13,1953.74,629.39,Paid,,112
CLM-100352,PT-200237,UnitedHealthcare,2025-10-10,2570.9,1817.03,753.87,Paid,,5
CLM-100353,PT-200207,Aetna,2025-05-26,908.07,0.0,908.07,Pending,,66
CLM-100354,PT-200163,BCBS,2025-08-25,3130.81,1965.3,1165.51,Paid,,51
CLM-100355,PT-200143,UnitedHealthcare,2025-10-22,2755.65,1664.9,1090.75,Paid,,31
CLM-100356,PT-200185,Cigna,2025-03-16,2133.76,1530.59,603.17,Paid,,87
CLM-100357,PT-200103,UnitedHealthcare,2025-05-09,4767.13,3686.43,1080.7,Paid,,116
CLM-100358,PT-200094,Aetna,2025-04-20,2370.17,2255.58,114.59,Paid,,37
CLM-100359,PT-200196,Cigna,2025-04-17,3761.22,0.0,3761.22,Denied,CO-50,53
CLM-100360,PT-200133,BCBS,2025-08-18,2182.66,0.0,2182.66,Denied,CO-18,55
CLM-100361,PT-200143,Cigna,2025-10-29,2371.71,2096.31,275.4,Paid,,40
CLM-100362,PT-200090,Cigna,2025-11-10,4068.77,3914.17,154.6,Paid,,70
CLM-100363,PT-200126,Aetna,2025-02-07,4671.01,3182.21,1488.8,Paid,,84
CLM-100364,PT-200089,Cigna,2025-06-10,1172.99,871.66,301.33,Paid,,114
CLM-100365,PT-200186,BCBS,2025-05-05,3852.28,2983.69,868.59,Paid,,31
CLM-100366,PT-200119,Medicare,2025-11-01,1191.15,0.0,1191.15,Denied,CO-18,68
CLM-100367,PT-200116,UnitedHealthcare,2025-07-09,2271.98,1830.8,441.18,Paid,,115
CLM-100368,PT-200127,UnitedHealthcare,2025-09-09,3861.96,2361.94,1500.02,Paid,,69
CLM-100369,PT-200085,Aetna,2025-01-29,1822.13,0.0,1822.13,Denied,CO-18,80
CLM-100370,PT-200117,UnitedHealthcare,2025-03-02,3835.95,3355.42,480.53,Paid,,110
CLM-100371,PT-200244,Medicare,2025-04-16,4006.81,2916.16,1090.65,Paid,,70
CLM-100372,PT-200047,Aetna,2025-12-21,1355.92,878.71,477.21,Paid,,111
CLM-100373,PT-200243,Aetna,2025-08-25,3666.39,2868.59,797.8,Paid,,11
CLM-100374,PT-200072,Cigna,2025-11-04,3875.3,0.0,3875.3,Denied,CO-18,81
CLM-100375,PT-200142,Cigna,2025-06-26,2450.87,2182.78,268.09,Paid,,91
CLM-100376,PT-200056,BCBS,2025-01-15,1113.89,724.46,389.43,Paid,,88
CLM-100377,PT-200139,Medicare,2025-05-01,191.42,165.22,26.2,Paid,,68
CLM-100378,PT-200091,Cigna,2025-08-26,2640.86,2471.5,169.36,Paid,,100
CLM-100379,PT-200088,Medicare,2025-08-20,2105.16,0.0,2105.16,Denied,CO-18,31
CLM-100380,PT-200049,UnitedHealthcare,2025-04-21,3986.01,3889.59,96.42,Paid,,9
CLM-100381,PT-200156,Aetna,2025-07-03,3721.34,3337.04,384.3,Paid,,6
CLM-100382,PT-200262,BCBS,2025-06-14,2615.31,1940.61,674.7,Paid,,59
CLM-100383,PT-200205,Cigna,2025-02-01,1422.52,0.0,1422.52,Pending,,114
CLM-100384,PT-200162,UnitedHealthcare,2025-10-28,357.82,0.0,357.82,Denied,CO-18,105
CLM-100385,PT-200144,BCBS,2025-07-27,4803.17,2962.5,1840.67,Paid,,6
CLM-100386,PT-200271,BCBS,2025-07-07,1462.12,1094.05,368.07,Paid,,6
CLM-100387,PT-200008,Cigna,2025-05-19,2007.66,1497.84,509.82,Paid,,10
CLM-100388,PT-200275,UnitedHealthcare,2025-03-12,2168.32,1959.37,208.95,Paid,,85
CLM-100389,PT-200045,Cigna,2025-05-29,3075.02,0.0,3075.02,Denied,CO-18,86
CLM-100390,PT-200013,Medicare,2025-07-28,3557.94,3108.24,449.7,Paid,,62
CLM-100391,PT-200134,BCBS,2025-03-03,1147.54,0.0,1147.54,Pending,,47
CLM-100392,PT-200222,Medicare,2025-01-20,1890.72,1864.1,26.62,Paid,,71
CLM-100393,PT-200187,BCBS,2025-07-07,328.12,267.74,60.38,Paid,,2
CLM-100394,PT-200114,Medicare,2025-11-17,2807.52,2314.52,493.0,Paid,,72
CLM-100395,PT-200221,UnitedHealthcare,2025-02-07,2106.77,0.0,2106.77,Denied,CO-16,86
CLM-100396,PT-200199,BCBS,2025-09-20,749.06,572.14,176.92,Paid,,91
CLM-100397,PT-200163,Cigna,2025-12-03,675.74,0.0,675.74,Pending,,8
CLM-100398,PT-200096,Medicare,2025-07-23,152.59,114.38,38.21,Paid,,62
CLM-100399,PT-200300,Aetna,2025-05-17,1211.98,0.0,1211.98,Pending,,16
CLM-100400,PT-200098,Cigna,2025-06-28,4770.37,3254.68,1515.69,Paid,,67
CLM-100401,PT-200031,Aetna,2025-11-04,1132.43,936.45,195.98,Paid,,26
CLM-100402,PT-200153,Aetna,2025-10-23,1263.63,848.79,414.84,Paid,,110
CLM-100403,PT-200229,Aetna,2025-10-28,2734.41,0.0,2734.41,Denied,CO-18,23
CLM-100404,PT-200145,BCBS,2025-02-27,452.6,359.95,92.65,Paid,,60
CLM-100405,PT-200033,Cigna,2025-05-01,1700.35,0.0,1700.35,Pending,,114
CLM-100406,PT-200040,Medicare,2025-05-26,3516.49,3496.96,19.53,Paid,,86
CLM-100407,PT-200148,Medicare,2025-04-12,3114.18,3076.97,37.21,Paid,,40
CLM-100408,PT-200075,UnitedHealthcare,2025-02-04,4079.5,4059.29,20.21,Paid,,11
CLM-100409,PT-200125,Medicare,2025-12-20,2727.93,2004.37,723.56,Paid,,82
CLM-100410,PT-200139,BCBS,2025-07-11,3174.13,0.0,3174.13,Pending,,101
CLM-100411,PT-200110,Aetna,2025-07-02,3569.93,0.0,3569.93,Denied,CO-27,32
CLM-100412,PT-200155,Medicare,2025-03-14,2156.08,1815.65,340.43,Paid,,89
CLM-100413,PT-200279,UnitedHealthcare,2025-02-22,2643.21,2620.82,22.39,Paid,,106
CLM-100414,PT-200293,Medicare,2025-11-30,4633.28,0.0,4633.28,Denied,CO-16,110
CLM-100415,PT-200018,Cigna,2025-04-06,4407.0,2955.39,1451.61,Paid,,93
CLM-100416,PT-200074,UnitedHealthcare,2025-09-20,3788.5,2969.02,819.48,Paid,,106
CLM-100417,PT-200019,UnitedHealthcare,2025-05-05,1390.33,1146.12,244.21,Paid,,56
CLM-100418,PT-200254,BCBS,2025-11-08,1627.26,0.0,1627.26,Denied,CO-18,67
CLM-100419,PT-200003,Cigna,2025-11-07,3704.41,0.0,3704.41,Pending,,93
CLM-100420,PT-200196,Medicare,2025-02-08,3024.58,0.0,3024.58,Denied,CO-18,16
CLM-100421,PT-200252,Aetna,2025-04-07,3725.95,2732.19,993.76,Paid,,5
CLM-100422,PT-200003,Cigna,2025-11-04,3576.64,2589.62,987.02,Paid,,15
CLM-100423,PT-200259,Medicare,2025-12-21,1427.71,0.0,1427.71,Denied,CO-27,72
CLM-100424,PT-200042,Medicare,2025-03-06,2845.02,0.0,2845.02,Denied,CO-16,71
CLM-100425,PT-200297,Cigna,2025-05-14,1701.81,1205.02,496.79,Paid,,49
CLM-100426,PT-200208,BCBS,2025-10-28,961.74,938.69,23.05,Paid,,41
CLM-100427,PT-200084,BCBS,2025-08-21,2880.88,2716.18,164.7,Paid,,44
CLM-100428,PT-200109,UnitedHealthcare,2025-01-04,3696.88,0.0,3696.88,Pending,,63
CLM-100429,PT-200176,Cigna,2025-07-10,2521.36,1877.13,644.23,Paid,,74
CLM-100430,PT-200064,UnitedHealthcare,2025-07-06,4857.09,0.0,4857.09,Denied,CO-50,45
CLM-100431,PT-200053,Aetna,2025-10-05,628.63,0.0,628.63,Denied,CO-16,98
CLM-100432,PT-200183,UnitedHealthcare,2025-07-02,4069.09,0.0,4069.09,Denied,CO-18,10
CLM-100433,PT-200059,UnitedHealthcare,2025-07-09,4154.06,3185.73,968.33,Paid,,101
CLM-100434,PT-200012,UnitedHealthcare,2025-09-01,4454.72,4063.02,391.7,Paid,,72
CLM-100435,PT-200011,Aetna,2025-08-08,2560.49,2322.33,238.16,Paid,,109
CLM-100436,PT-200055,Aetna,2025-10-21,3124.9,2809.37,315.53,Paid,,42
CLM-100437,PT-200099,Medicare,2025-10-11,4603.47,2884.98,1718.49,Paid,,10
CLM-100438,PT-200122,Cigna,2025-12-19,2500.01,1688.53,811.48,Paid,,111
CLM-100439,PT-200102,Aetna,2025-02-22,2774.23,2023.59,750.64,Paid,,45
CLM-100440,PT-200040,BCBS,2025-07-14,2033.37,1577.11,456.26,Paid,,35
CLM-100441,PT-200060,Cigna,2025-09-03,2746.28,0.0,2746.28,Pending,,85
CLM-100442,PT-200053,UnitedHealthcare,2025-08-31,2128.14,0.0,2128.14,Pending,,80
CLM-100443,PT-200033,Aetna,2025-06-10,2034.4,1767.99,266.41,Paid,,30
CLM-100444,PT-200245,BCBS,2025-11-20,4994.04,3580.53,1413.51,Paid,,33
CLM-100445,PT-200207,Medicare,2025-04-25,2607.16,2044.01,563.15,Paid,,50
CLM-100446,PT-200072,Aetna,2025-02-08,3538.28,0.0,3538.28,Pending,,99
CLM-100447,PT-200242,Medicare,2025-12-18,4932.77,0.0,4932.77,Denied,CO-27,16
CLM-100448,PT-200013,Cigna,2025-04-08,3206.98,2838.5,368.48,Paid,,87
CLM-100449,PT-200141,BCBS,2025-03-12,3408.03,2884.72,523.31,Paid,,90
CLM-100450,PT-200143,UnitedHealthcare,2025-10-11,1999.8,0.0,1999.8,Pending,,115
CLM-100451,PT-200155,Cigna,2025-08-03,4361.83,3824.22,537.61,Paid,,3
CLM-100452,PT-200263,Cigna,2025-01-19,2839.48,2561.82,277.66,Paid,,49
CLM-100453,PT-200199,BCBS,2025-01-22,622.36,523.95,98.41,Paid,,2
CLM-100454,PT-200190,Cigna,2025-04-28,4267.9,2713.19,1554.71,Paid,,120
CLM-100455,PT-200052,Aetna,2025-06-27,4057.09,2860.11,1196.98,Paid,,97
CLM-100456,PT-200085,Medicare,2025-08-20,1231.21,840.34,390.87,Paid,,81
CLM-100457,PT-200237,Medicare,2025-05-25,3235.57,2019.44,1216.13,Paid,,41
CLM-100458,PT-200069,Medicare,2025-05-22,4579.54,4404.97,174.57,Paid,,15
CLM-100459,PT-200156,BCBS,2025-03-11,1529.24,1395.61,133.63,Paid,,49
CLM-100460,PT-200273,UnitedHealthcare,2025-05-20,2151.01,1295.33,855.68,Paid,,76
CLM-100461,PT-200291,BCBS,2025-06-02,1520.06,1039.5,480.56,Paid,,83
CLM-100462,PT-200207,UnitedHealthcare,2025-03-16,956.48,621.33,335.15,Paid,,110
CLM-100463,PT-200074,Aetna,2025-11-29,524.62,0.0,524.62,Denied,CO-18,33
CLM-100464,PT-200112,Medicare,2025-05-06,3731.82,0.0,3731.82,Pending,,43
CLM-100465,PT-200069,Medicare,2025-01-02,4223.64,3432.95,790.69,Paid,,80
CLM-100466,PT-200146,UnitedHealthcare,2025-12-02,4280.41,0.0,4280.41,Denied,CO-27,13
CLM-100467,PT-200288,Aetna,2025-04-19,2191.29,0.0,2191.29,Denied,CO-27,108
CLM-100468,PT-200177,Medicare,2025-12-10,375.97,252.16,123.81,Paid,,36
CLM-100469,PT-200223,Aetna,2025-09-09,2216.01,1428.35,787.66,Paid,,11
CLM-100470,PT-200171,Aetna,2025-05-20,247.96,0.0,247.96,Denied,CO-16,4
CLM-100471,PT-200078,Medicare,2025-12-06,1459.02,0.0,1459.02,Denied,CO-50,83
CLM-100472,PT-200032,UnitedHealthcare,2025-10-31,1278.43,1084.75,193.68,Paid,,39
CLM-100473,PT-200208,Cigna,2025-03-24,3735.94,2573.84,1162.1,Paid,,26
CLM-100474,PT-200009,Aetna,2025-02-10,3563.73,2606.17,957.56,Paid,,57
CLM-100475,PT-200245,Medicare,2025-05-17,3721.07,2415.82,1305.25,Paid,,67
CLM-100476,PT-200157,Medicare,2025-09-23,1811.72,1326.84,484.88,Paid,,61
CLM-100477,PT-200009,Medicare,2025-08-09,2335.32,0.0,2335.32,Denied,CO-18,31
CLM-100478,PT-200236,Medicare,2025-07-26,2383.01,0.0,2383.01,Pending,,116
CLM-100479,PT-200052,UnitedHealthcare,2025-05-10,612.61,589.76,22.85,Paid,,62
CLM-100480,PT-200291,Cigna,2025-01-16,4729.04,3454.93,1274.11,Paid,,110
CLM-100481,PT-200054,BCBS,2025-03-29,2572.17,1720.93,851.24,Paid,,25
CLM-100482,PT-200255,BCBS,2025-11-16,1539.67,0.0,1539.67,Denied,CO-18,115
CLM-100483,PT-200022,Cigna,2025-03-15,442.26,357.01,85.25,Paid,,99
CLM-100484,PT-200099,Medicare,2025-02-22,1364.49,1290.47,74.02,Paid,,57
CLM-100485,PT-200198,Medicare,2025-12-10,1709.8,0.0,1709.8,Pending,,90
CLM-100486,PT-200160,UnitedHealthcare,2025-07-30,621.18,0.0,621.18,Denied,CO-18,11
CLM-100487,PT-200116,Medicare,2025-07-28,1956.16,1577.52,378.64,Paid,,6
CLM-100488,PT-200077,UnitedHealthcare,2025-11-13,3330.31,0.0,3330.31,Pending,,100
CLM-100489,PT-200230,UnitedHealthcare,2025-09-10,2956.91,0.0,2956.91,Denied,CO-16,105
CLM-100490,PT-200221,Aetna,2026-01-01,4311.24,3880.35,430.89,Paid,,96
CLM-100491,PT-200181,Medicare,2025-09-12,1699.09,0.0,1699.09,Denied,CO-18,42
CLM-100492,PT-200072,Medicare,2025-09-05,3566.69,0.0,3566.69,Pending,,10
CLM-100493,PT-200280,UnitedHealthcare,2025-06-24,227.12,0.0,227.12,Denied,CO-50,69
CLM-100494,PT-200073,Cigna,2025-12-12,3900.36,3712.73,187.63,Paid,,63
CLM-100495,PT-200008,UnitedHealthcare,2025-10-23,1954.25,1268.25,686.0,Paid,,99
CLM-100496,PT-200156,BCBS,2025-07-21,1220.58,0.0,1220.58,Pending,,116
CLM-100497,PT-200244,UnitedHealthcare,2025-02-05,380.51,376.94,3.57,Paid,,106
CLM-100498,PT-200086,Cigna,2025-03-15,186.51,157.28,29.23,Paid,,64
CLM-100499,PT-200148,BCBS,2025-10-07,4344.47,4144.75,199.72,Paid,,118
CLM-100500,PT-200165,Aetna,2025-03-12,3759.76,2544.74,1215.02,Paid,,106
CLM-100501,PT-200081,UnitedHealthcare,2025-12-26,2961.09,0.0,2961.09,Pending,,9
CLM-100502,PT-200026,Medicare,2025-07-16,2407.95,0.0,2407.95,Denied,CO-27,97
CLM-100503,PT-200042,UnitedHealthcare,2025-01-16,1911.62,0.0,1911.62,Denied,CO-50,92
CLM-100504,PT-200130,BCBS,2025-11-21,3119.18,3108.31,10.87,Paid,,117
CLM-100505,PT-200154,Aetna,2025-01-18,4806.08,3390.59,1415.49,Paid,,85
CLM-100506,PT-200084,UnitedHealthcare,2025-10-23,1239.04,869.71,369.33,Paid,,64
CLM-100507,PT-200100,Cigna,2025-11-28,3714.92,0.0,3714.92,Pending,,81
CLM-100508,PT-200129,Cigna,2025-06-27,4597.49,0.0,4597.49,Pending,,89
CLM-100509,PT-200228,UnitedHealthcare,2025-12-18,2924.31,2541.11,383.2,Paid,,42
CLM-100510,PT-200155,BCBS,2025-04-25,4659.29,0.0,4659.29,Denied,CO-27,15
CLM-100511,PT-200259,Aetna,2025-05-03,4236.66,3820.03,416.63,Paid,,28
CLM-100512,PT-200166,UnitedHealthcare,2025-04-09,684.53,0.0,684.53,Pending,,47
CLM-100513,PT-200029,Aetna,2025-12-18,2660.76,1875.28,785.48,Paid,,36
CLM-100514,PT-200129,UnitedHealthcare,2025-11-03,2411.93,2333.86,78.07,Paid,,109
CLM-100515,PT-200039,Cigna,2025-07-31,3932.31,2376.04,1556.27,Paid,,6
CLM-100516,PT-200264,BCBS,2025-09-12,4032.27,0.0,4032.27,Pending,,74
CLM-100517,PT-200023,Cigna,2025-11-26,411.68,0.0,411.68,Denied,CO-50,4
CLM-100518,PT-200251,UnitedHealthcare,2025-07-24,1501.49,1353.76,147.73,Paid,,50
CLM-100519,PT-200153,UnitedHealthcare,2025-10-18,491.36,449.76,41.6,Paid,,19
CLM-100520,PT-200238,Medicare,2025-01-10,1665.9,0.0,1665.9,Pending,,8
CLM-100521,PT-200035,Aetna,2025-04-17,3041.58,0.0,3041.58,Pending,,1
CLM-100522,PT-200091,Aetna,2025-08-30,1163.97,0.0,1163.97,Denied,CO-18,86
CLM-100523,PT-200215,Cigna,2025-11-19,2117.98,0.0,2117.98,Pending,,44
CLM-100524,PT-200054,UnitedHealthcare,2025-04-16,195.21,144.32,50.89,Paid,,95
CLM-100525,PT-200128,Cigna,2025-04-24,2695.16,0.0,2695.16,Pending,,80
CLM-100526,PT-200136,UnitedHealthcare,2025-02-07,4132.57,3342.68,789.89,Paid,,15
CLM-100527,PT-200210,Aetna,2025-07-09,4497.13,4207.76,289.37,Paid,,103
CLM-100528,PT-200084,Medicare,2025-09-10,4627.75,3920.74,707.01,Paid,,32
CLM-100529,PT-200226,UnitedHealthcare,2025-05-23,3260.19,2706.21,553.98,Paid,,60
CLM-100530,PT-200019,Aetna,2025-10-14,1376.04,1041.34,334.7,Paid,,116
CLM-100531,PT-200296,Medicare,2025-09-03,2392.46,0.0,2392.46,Denied,CO-27,76
CLM-100532,PT-200171,Cigna,2025-07-01,2917.65,2800.24,117.41,Paid,,24
CLM-100533,PT-200136,BCBS,2025-06-25,373.56,344.27,29.29,Paid,,64
CLM-100534,PT-200274,Medicare,2025-02-26,3996.02,3662.77,333.25,Paid,,92
CLM-100535,PT-200193,UnitedHealthcare,2025-07-05,169.53,0.0,169.53,Pending,,58
CLM-100536,PT-200299,BCBS,2025-09-10,1197.61,0.0,1197.61,Pending,,58
CLM-100537,PT-200046,BCBS,2025-11-03,4579.38,3755.68,823.7,Paid,,91
CLM-100538,PT-200108,Cigna,2025-09-03,1669.12,1622.98,46.14,Paid,,1
CLM-100539,PT-200166,BCBS,2025-01-14,1901.41,1488.5,412.91,Paid,,37
CLM-100540,PT-200080,Medicare,2025-08-27,3522.0,3033.63,488.37,Paid,,26
CLM-100541,PT-200272,BCBS,2025-03-12,2590.81,0.0,2590.81,Denied,CO-16,37
CLM-100542,PT-200246,BCBS,2025-06-22,3781.76,3092.87,688.89,Paid,,46
CLM-100543,PT-200049,Aetna,2025-08-03,1849.33,1424.85,424.48,Paid,,34
CLM-100544,PT-200208,Medicare,2025-07-22,4286.84,3634.28,652.56,Paid,,9
CLM-100545,PT-200146,Medicare,2025-07-26,739.82,518.15,221.67,Paid,,50
CLM-100546,PT-200291,Cigna,2025-06-05,1696.98,1168.3,528.68,Paid,,31
CLM-100547,PT-200248,Aetna,2025-11-03,3466.75,2365.31,1101.44,Paid,,11
CLM-100548,PT-200011,BCBS,2025-04-21,4459.12,2837.68,1621.44,Paid,,120
CLM-100549,PT-200177,Aetna,2025-12-14,4867.52,3170.84,1696.68,Paid,,35
CLM-100550,PT-200087,Aetna,2025-10-07,4840.32,4454.41,385.91,Paid,,101
CLM-100551,PT-200238,Medicare,2025-09-10,780.41,719.02,61.39,Paid,,84
CLM-100552,PT-200098,Medicare,2025-01-15,934.98,824.0,110.98,Paid,,27
CLM-100553,PT-200012,Medicare,2025-07-05,901.32,663.32,238.0,Paid,,54
CLM-100554,PT-200296,Cigna,2025-12-07,1124.29,0.0,1124.29,Denied,CO-50,44
CLM-100555,PT-200212,Cigna,2025-11-21,978.17,951.75,26.42,Paid,,25
CLM-100556,PT-200229,Cigna,2025-03-11,2013.68,1292.79,720.89,Paid,,2
CLM-100557,PT-200154,BCBS,2025-09-21,4521.96,4126.46,395.5,Paid,,47
CLM-100558,PT-200216,UnitedHealthcare,2025-02-26,4398.8,0.0,4398.8,Pending,,36
CLM-100559,PT-200062,Aetna,2025-05-17,4351.81,3167.77,1184.04,Paid,,108
CLM-100560,PT-200152,Cigna,2025-08-14,264.73,0.0,264.73,Denied,CO-16,52
CLM-100561,PT-200203,UnitedHealthcare,2025-12-28,3783.08,0.0,3783.08,Pending,,119
CLM-100562,PT-200162,Cigna,2025-06-18,1290.1,1129.05,161.05,Paid,,14
CLM-100563,PT-200242,Aetna,2025-07-11,2465.55,2394.36,71.19,Paid,,34
CLM-100564,PT-200292,UnitedHealthcare,2025-07-30,4625.4,4345.7,279.7,Paid,,35
CLM-100565,PT-200212,Cigna,2025-06-02,1626.26,0.0,1626.26,Pending,,119
CLM-100566,PT-200021,Aetna,2025-06-30,1004.81,0.0,1004.81,Pending,,9
CLM-100567,PT-200198,Aetna,2025-02-16,1630.84,1473.58,157.26,Paid,,50
CLM-100568,PT-200297,BCBS,2025-07-30,3729.48,2891.38,838.1,Paid,,111
CLM-100569,PT-200092,UnitedHealthcare,2025-12-30,1680.04,1283.94,396.1,Paid,,93
CLM-100570,PT-200291,UnitedHealthcare,2025-06-01,3442.92,0.0,3442.92,Denied,CO-18,20
CLM-100571,PT-200057,UnitedHealthcare,2025-01-15,1063.9,0.0,1063.9,Denied,CO-27,91
CLM-100572,PT-200009,UnitedHealthcare,2025-05-07,3950.95,2899.74,1051.21,Paid,,5
CLM-100573,PT-200179,Aetna,2025-12-13,287.38,206.12,81.26,Paid,,66
CLM-100574,PT-200247,BCBS,2025-10-20,4912.69,0.0,4912.69,Pending,,57
CLM-100575,PT-200088,Aetna,2025-05-06,3481.08,0.0,3481.08,Denied,CO-16,87
CLM-100576,PT-200185,UnitedHealthcare,2025-02-09,956.36,686.39,269.97,Paid,,48
CLM-100577,PT-200101,BCBS,2025-03-05,1658.04,1020.24,637.8,Paid,,110
CLM-100578,PT-200163,UnitedHealthcare,2025-07-23,4426.68,3772.4,654.28,Paid,,46
CLM-100579,PT-200111,BCBS,2025-03-01,3848.8,3834.01,14.79,Paid,,83
CLM-100580,PT-200259,Aetna,2025-05-12,3817.15,2984.07,833.08,Paid,,70
CLM-100581,PT-200126,Aetna,2025-06-27,2462.76,2190.83,271.93,Paid,,66
CLM-100582,PT-200273,Cigna,2025-04-04,4447.17,3489.46,957.71,Paid,,71
CLM-100583,PT-200206,Cigna,2025-04-23,4314.98,3464.41,850.57,Paid,,114
CLM-100584,PT-200171,UnitedHealthcare,2025-03-29,4978.59,4499.17,479.42,Paid,,107
CLM-100585,PT-200229,Medicare,2025-05-26,470.79,367.93,102.86,Paid,,31
CLM-100586,PT-200259,BCBS,2025-10-21,1609.94,1464.39,145.55,Paid,,21
CLM-100587,PT-200175,Aetna,2025-07-13,2045.46,1544.02,501.44,Paid,,25
CLM-100588,PT-200244,BCBS,2025-08-21,1906.96,1570.69,336.27,Paid,,82
CLM-100589,PT-200083,Aetna,2025-07-08,4835.36,4803.08,32.28,Paid,,12
CLM-100590,PT-200092,Aetna,2025-02-15,3828.55,3045.95,782.6,Paid,,56
CLM-100591,PT-200203,BCBS,2025-09-04,3183.99,1992.45,1191.54,Paid,,107
CLM-100592,PT-200072,UnitedHealthcare,2025-02-09,1630.24,0.0,1630.24,Denied,CO-18,51
CLM-100593,PT-200001,UnitedHealthcare,2025-05-21,1348.63,1245.49,103.14,Paid,,87
CLM-100594,PT-200250,UnitedHealthcare,2025-04-23,2894.25,0.0,2894.25,Denied,CO-27,75
CLM-100595,PT-200051,Aetna,2025-05-31,1627.65,1212.82,414.83,Paid,,64
CLM-100596,PT-200025,Medicare,2025-04-02,1007.12,969.25,37.87,Paid,,50
CLM-100597,PT-200288,UnitedHealthcare,2025-07-14,3749.9,3585.79,164.11,Paid,,88
CLM-100598,PT-200251,UnitedHealthcare,2025-12-22,2615.0,2482.39,132.61,Paid,,72
CLM-100599,PT-200284,Aetna,2025-06-08,2392.48,1655.91,736.57,Paid,,48
CLM-100600,PT-200222,BCBS,2025-09-06,4343.54,4332.68,10.86,Paid,,26
CLM-100601,PT-200290,Aetna,2025-03-16,3439.48,2323.12,1116.36,Paid,,42
CLM-100602,PT-200180,Cigna,2025-11-02,581.37,512.3,69.07,Paid,,80
CLM-100603,PT-200266,UnitedHealthcare,2025-04-19,430.36,0.0,430.36,Denied,CO-27,12
CLM-100604,PT-200098,Aetna,2025-01-05,4381.4,4212.0,169.4,Paid,,59
CLM-100605,PT-200185,BCBS,2025-11-05,1751.93,1506.63,245.3,Paid,,46
CLM-100606,PT-200250,Cigna,2025-01-01,2904.67,2161.19,743.48,Paid,,54
CLM-100607,PT-200167,Medicare,2025-12-02,956.51,912.8,43.71,Paid,,28
CLM-100608,PT-200090,Aetna,2025-02-15,3112.71,0.0,3112.71,Pending,,78
CLM-100609,PT-200176,UnitedHealthcare,2025-10-13,948.59,0.0,948.59,Denied,CO-50,105
CLM-100610,PT-200107,BCBS,2025-02-19,4351.04,2977.99,1373.05,Paid,,83
CLM-100611,PT-200275,BCBS,2025-09-09,4885.74,0.0,4885.74,Pending,,66
CLM-100612,PT-200187,BCBS,2025-06-13,723.38,490.76,232.62,Paid,,59
CLM-100613,PT-200157,Cigna,2025-05-15,4023.57,3991.19,32.38,Paid,,80
CLM-100614,PT-200172,UnitedHealthcare,2025-06-28,1342.22,1104.11,238.11,Paid,,63
CLM-100615,PT-200156,Cigna,2025-06-04,494.3,0.0,494.3,Pending,,35
CLM-100616,PT-200191,Cigna,2025-11-04,1580.98,0.0,1580.98,Pending,,14
CLM-100617,PT-200026,Aetna,2025-01-18,619.84,470.19,149.65,Paid,,6
CLM-100618,PT-200184,Medicare,2025-12-31,246.88,160.82,86.06,Paid,,106
CLM-100619,PT-200052,Aetna,2025-01-26,2536.12,2166.17,369.95,Paid,,67
CLM-100620,PT-200063,Cigna,2025-12-06,4242.78,3623.14,619.64,Paid,,31
CLM-100621,PT-200011,UnitedHealthcare,2025-08-21,4394.99,3653.48,741.51,Paid,,43
CLM-100622,PT-200288,Medicare,2025-12-05,3724.16,0.0,3724.16,Pending,,36
CLM-100623,PT-200043,UnitedHealthcare,2025-10-07,930.59,627.51,303.08,Paid,,103
CLM-100624,PT-200250,BCBS,2025-08-29,4334.54,2851.75,1482.79,Paid,,64
CLM-100625,PT-200297,Cigna,2025-09-18,3131.21,2347.77,783.44,Paid,,81
CLM-100626,PT-200153,BCBS,2025-05-23,3700.84,3333.91,366.93,Paid,,58
CLM-100627,PT-200158,Aetna,2025-01-25,401.18,353.37,47.81,Paid,,11
CLM-100628,PT-200152,BCBS,2025-06-22,1355.48,1235.79,119.69,Paid,,49
CLM-100629,PT-200154,Aetna,2025-08-24,685.1,458.6,226.5,Paid,,37
CLM-100630,PT-200134,BCBS,2025-10-22,645.96,0.0,645.96,Pending,,5
CLM-100631,PT-200277,Medicare,2025-12-14,2204.47,2168.61,35.86,Paid,,32
CLM-100632,PT-200123,Aetna,2025-04-15,4737.72,0.0,4737.72,Denied,CO-27,37
CLM-100633,PT-200237,UnitedHealthcare,2025-04-10,3135.02,0.0,3135.02,Pending,,50
CLM-100634,PT-200105,UnitedHealthcare,2025-01-11,667.91,0.0,667.91,Pending,,116
CLM-100635,PT-200082,UnitedHealthcare,2025-01-05,4563.3,3305.98,1257.32,Paid,,112
CLM-100636,PT-200280,Medicare,2025-01-07,1036.6,1024.82,11.78,Paid,,92
CLM-100637,PT-200017,Aetna,2025-12-29,4077.73,4064.34,13.39,Paid,,78
CLM-100638,PT-200109,Aetna,2025-10-15,2038.62,1428.09,610.53,Paid,,52
CLM-100639,PT-200104,BCBS,2025-01-06,1925.84,1446.11,479.73,Paid,,66
CLM-100640,PT-200073,UnitedHealthcare,2025-07-24,1273.56,0.0,1273.56,Denied,CO-18,119
CLM-100641,PT-200140,UnitedHealthcare,2025-08-12,3286.15,2407.54,878.61,Paid,,74
CLM-100642,PT-200236,Medicare,2025-03-18,4527.62,3391.55,1136.07,Paid,,120
CLM-100643,PT-200215,Medicare,2025-01-18,4619.22,4611.04,8.18,Paid,,9
CLM-100644,PT-200207,BCBS,2025-02-24,4960.86,4202.78,758.08,Paid,,13
CLM-100645,PT-200175,Medicare,2025-11-06,703.95,629.06,74.89,Paid,,119
CLM-100646,PT-200023,BCBS,2025-09-24,1563.11,1468.05,95.06,Paid,,80
CLM-100647,PT-200055,Aetna,2025-07-14,4733.12,0.0,4733.12,Denied,CO-50,39
CLM-100648,PT-200108,Aetna,2025-11-27,2497.99,1942.68,555.31,Paid,,26
CLM-100649,PT-200213,Cigna,2025-05-08,4488.47,3310.38,1178.09,Paid,,61
CLM-100650,PT-200282,Cigna,2025-10-15,1005.68,668.19,337.49,Paid,,113
CLM-100651,PT-200145,UnitedHealthcare,2025-11-04,858.65,601.49,257.16,Paid,,1
CLM-100652,PT-200264,Medicare,2025-02-11,3847.65,0.0,3847.65,Denied,CO-18,2
CLM-100653,PT-200082,UnitedHealthcare,2025-03-31,2032.65,1518.14,514.51,Paid,,89
CLM-100654,PT-200226,BCBS,2025-06-20,1676.5,0.0,1676.5,Pending,,74
CLM-100655,PT-200024,Medicare,2025-10-18,4214.15,0.0,4214.15,Pending,,62
CLM-100656,PT-200146,BCBS,2025-07-29,4505.53,3145.08,1360.45,Paid,,5
CLM-100657,PT-200217,UnitedHealthcare,2025-12-06,1918.78,1797.6,121.18,Paid,,44
CLM-100658,PT-200247,UnitedHealthcare,2025-02-08,2353.76,1788.32,565.44,Paid,,30
CLM-100659,PT-200253,BCBS,2025-12-28,1382.26,0.0,1382.26,Denied,CO-18,108
CLM-100660,PT-200071,Medicare,2025-05-11,1447.37,1259.14,188.23,Paid,,117
CLM-100661,PT-200217,Aetna,2025-06-26,3912.03,3045.95,866.08,Paid,,98
CLM-100662,PT-200018,BCBS,2025-08-07,4577.46,3185.63,1391.83,Paid,,6
CLM-100663,PT-200006,Cigna,2025-06-19,1413.53,1091.19,322.34,Paid,,113
CLM-100664,PT-200063,BCBS,2025-01-05,2696.97,2485.27,211.7,Paid,,101
CLM-100665,PT-200266,Cigna,2025-12-24,398.29,381.22,17.07,Paid,,82
CLM-100666,PT-200260,UnitedHealthcare,2025-06-20,1578.72,1038.59,540.13,Paid,,116
CLM-100667,PT-200200,BCBS,2025-01-15,3477.84,2858.91,618.93,Paid,,57
CLM-100668,PT-200283,BCBS,2025-04-20,330.75,205.24,125.51,Paid,,30
CLM-100669,PT-200070,Aetna,2025-11-27,225.07,197.74,27.33,Paid,,48
CLM-100670,PT-200045,Aetna,2025-08-13,3529.7,2503.67,1026.03,Paid,,89
CLM-100671,PT-200057,Aetna,2025-01-13,1077.46,0.0,1077.46,Denied,CO-16,33
CLM-100672,PT-200159,UnitedHealthcare,2025-07-03,2786.38,0.0,2786.38,Denied,CO-16,66
CLM-100673,PT-200209,Medicare,2025-05-10,1866.64,1195.98,670.66,Paid,,47
CLM-100674,PT-200287,Medicare,2025-09-15,227.15,0.0,227.15,Denied,CO-50,29
CLM-100675,PT-200232,Cigna,2025-12-06,1024.49,769.05,255.44,Paid,,99
CLM-100676,PT-200169,UnitedHealthcare,2025-07-01,1765.5,1679.16,86.34,Paid,,87
CLM-100677,PT-200190,Aetna,2025-01-31,417.26,381.86,35.4,Paid,,101
CLM-100678,PT-200237,Aetna,2025-07-25,4225.24,0.0,4225.24,Denied,CO-27,115
CLM-100679,PT-200282,Aetna,2025-03-07,4162.74,2746.38,1416.36,Paid,,119
CLM-100680,PT-200225,Cigna,2025-10-13,2758.58,0.0,2758.58,Pending,,50
CLM-100681,PT-200249,Medicare,2025-03-16,4923.92,4293.8,630.12,Paid,,104
CLM-100682,PT-200241,Cigna,2025-07-10,4571.51,3760.72,810.79,Paid,,12
CLM-100683,PT-200227,Medicare,2025-12-04,4722.55,0.0,4722.55,Denied,CO-18,64
CLM-100684,PT-200160,UnitedHealthcare,2025-09-13,2713.43,1954.13,759.3,Paid,,83
CLM-100685,PT-200183,Medicare,2025-09-05,4309.1,4215.24,93.86,Paid,,85
CLM-100686,PT-200034,BCBS,2025-08-22,1792.86,1078.82,714.04,Paid,,105
CLM-100687,PT-200036,BCBS,2025-10-06,4467.26,3649.14,818.12,Paid,,86
CLM-100688,PT-200177,Medicare,2025-01-09,3038.64,2515.38,523.26,Paid,,89
CLM-100689,PT-200232,UnitedHealthcare,2025-12-21,3914.29,2819.38,1094.91,Paid,,3
CLM-100690,PT-200067,UnitedHealthcare,2025-02-01,3887.83,3073.75,814.08,Paid,,16
CLM-100691,PT-200181,UnitedHealthcare,2025-10-28,830.42,553.71,276.71,Paid,,27
CLM-100692,PT-200128,Medicare,2025-08-19,1934.45,0.0,1934.45,Denied,CO-27,53
CLM-100693,PT-200255,Medicare,2025-12-19,1823.27,1719.24,104.03,Paid,,20
CLM-100694,PT-200232,UnitedHealthcare,2025-08-01,4682.42,0.0,4682.42,Denied,CO-27,28
CLM-100695,PT-200262,BCBS,2025-11-08,3563.68,2443.37,1120.31,Paid,,100
CLM-100696,PT-200242,UnitedHealthcare,2025-10-03,2506.81,1654.04,852.77,Paid,,73
CLM-100697,PT-200209,UnitedHealthcare,2025-12-18,4262.6,3119.98,1142.62,Paid,,5
CLM-100698,PT-200019,Medicare,2025-08-08,2396.97,1811.04,585.93,Paid,,38
CLM-100699,PT-200262,Aetna,2025-02-16,1079.49,688.1,391.39,Paid,,92
CLM-100700,PT-200249,Cigna,2025-12-21,4214.81,3530.58,684.23,Paid,,37
CLM-100701,PT-200106,UnitedHealthcare,2025-09-24,4152.59,3138.68,1013.91,Paid,,21
CLM-100702,PT-200021,BCBS,2025-09-15,4352.17,3837.32,514.85,Paid,,81
CLM-100703,PT-200014,Cigna,2025-06-18,2978.1,2013.06,965.04,Paid,,17
CLM-100704,PT-200206,UnitedHealthcare,2025-04-22,4331.12,0.0,4331.12,Pending,,86
CLM-100705,PT-200187,Aetna,2025-11-27,1253.86,0.0,1253.86,Denied,CO-50,105
CLM-100706,PT-200225,Aetna,2025-08-08,3474.06,0.0,3474.06,Denied,CO-27,67
CLM-100707,PT-200183,Aetna,2025-09-06,1373.42,0.0,1373.42,Denied,CO-50,2
CLM-100708,PT-200224,Medicare,2025-09-20,3899.81,3802.31,97.5,Paid,,90
CLM-100709,PT-200269,BCBS,2025-06-26,1316.97,842.57,474.4,Paid,,67
CLM-100710,PT-200117,UnitedHealthcare,2025-01-17,2445.37,0.0,2445.37,Denied,CO-18,111
CLM-100711,PT-200300,UnitedHealthcare,2025-02-28,4497.15,4048.27,448.88,Paid,,56
CLM-100712,PT-200107,Cigna,2025-06-03,3212.51,0.0,3212.51,Pending,,69
CLM-100713,PT-200299,Cigna,2025-12-27,2304.05,1386.56,917.49,Paid,,28
CLM-100714,PT-200158,Aetna,2025-03-30,3843.76,3727.02,116.74,Paid,,71
CLM-100715,PT-200023,BCBS,2025-08-03,490.12,373.07,117.05,Paid,,34
CLM-100716,PT-200213,Medicare,2025-08-31,2949.43,2422.64,526.79,Paid,,78
CLM-100717,PT-200081,UnitedHealthcare,2025-07-24,1166.81,897.4,269.41,Paid,,18
CLM-100718,PT-200146,UnitedHealthcare,2025-10-15,1310.69,792.33,518.36,Paid,,4
CLM-100719,PT-200142,Aetna,2025-11-05,2772.4,1922.59,849.81,Paid,,115
CLM-100720,PT-200065,Cigna,2025-09-18,1960.43,0.0,1960.43,Pending,,52
CLM-100721,PT-200225,Cigna,2025-03-20,2740.24,0.0,2740.24,Pending,,64
CLM-100722,PT-200212,Medicare,2025-07-12,4333.74,0.0,4333.74,Pending,,43
CLM-100723,PT-200286,Medicare,2025-10-17,2680.78,1758.35,922.43,Paid,,65
CLM-100724,PT-200237,Cigna,2025-06-14,1537.94,1437.88,100.06,Paid,,62
CLM-100725,PT-200081,Cigna,2025-05-08,3099.67,2191.64,908.03,Paid,,64
CLM-100726,PT-200084,UnitedHealthcare,2025-05-26,1225.01,1008.33,216.68,Paid,,110
CLM-100727,PT-200170,UnitedHealthcare,2025-07-07,1813.48,1699.44,114.04,Paid,,49
CLM-100728,PT-200090,BCBS,2025-07-24,3126.33,1925.22,1201.11,Paid,,6
CLM-100729,PT-200283,Cigna,2025-05-24,2203.78,0.0,2203.78,Denied,CO-27,22
CLM-100730,PT-200200,Cigna,2025-09-12,2186.35,0.0,2186.35,Denied,CO-16,85
CLM-100731,PT-200133,Cigna,2025-01-08,2349.7,1879.69,470.01,Paid,,18
CLM-100732,PT-200294,UnitedHealthcare,2025-07-31,1249.17,1019.02,230.15,Paid,,12
CLM-100733,PT-200250,Medicare,2025-01-06,4652.93,0.0,4652.93,Pending,,6
CLM-100734,PT-200156,Medicare,2025-09-12,906.64,859.82,46.82,Paid,,78
CLM-100735,PT-200067,Cigna,2025-11-05,3085.68,0.0,3085.68,Denied,CO-18,69
CLM-100736,PT-200165,Medicare,2025-12-26,170.78,0.0,170.78,Denied,CO-16,4
CLM-100737,PT-200044,Aetna,2025-07-07,4767.65,4558.93,208.72,Paid,,71
CLM-100738,PT-200112,Medicare,2025-06-02,4022.33,0.0,4022.33,Pending,,14
CLM-100739,PT-200203,UnitedHealthcare,2025-01-18,931.67,772.49,159.18,Paid,,81
CLM-100740,PT-200013,Aetna,2025-04-22,1832.69,1137.08,695.61,Paid,,16
CLM-100741,PT-200275,Cigna,2025-08-13,1941.64,0.0,1941.64,Pending,,77
CLM-100742,PT-200039,Aetna,2025-08-31,868.93,660.59,208.34,Paid,,87
CLM-100743,PT-200005,UnitedHealthcare,2025-07-01,3857.13,2468.14,1388.99,Paid,,76
CLM-100744,PT-200024,Medicare,2025-11-13,2765.95,2340.48,425.47,Paid,,100
CLM-100745,PT-200024,Aetna,2025-12-09,4096.52,2953.36,1143.16,Paid,,114
CLM-100746,PT-200213,Aetna,2025-07-22,2798.51,2645.13,153.38,Paid,,58
CLM-100747,PT-200038,Cigna,2025-02-25,2391.95,1455.17,936.78,Paid,,104
CLM-100748,PT-200044,Medicare,2025-04-27,1665.87,1057.34,608.53,Paid,,84
CLM-100749,PT-200142,Medicare,2025-03-10,3453.84,2953.21,500.63,Paid,,108
CLM-100750,PT-200046,UnitedHealthcare,2025-10-18,3145.76,2936.91,208.85,Paid,,56
CLM-100751,PT-200151,Aetna,2025-10-23,1838.14,1801.9,36.24,Paid,,23
CLM-100752,PT-200249,Aetna,2025-06-30,288.68,201.75,86.93,Paid,,101
CLM-100753,PT-200056,BCBS,2025-06-01,2411.37,1477.12,934.25,Paid,,9
CLM-100754,PT-200081,BCBS,2025-10-14,1941.8,1910.18,31.62,Paid,,81
CLM-100755,PT-200124,Medicare,2025-03-05,1737.67,1298.58,439.09,Paid,,34
CLM-100756,PT-200109,UnitedHealthcare,2025-03-10,2994.57,2545.16,449.41,Paid,,99
CLM-100757,PT-200054,Cigna,2025-02-18,3572.96,2920.74,652.22,Paid,,103
CLM-100758,PT-200056,BCBS,2025-10-09,3523.69,0.0,3523.69,Denied,CO-16,99
CLM-100759,PT-200161,Aetna,2025-03-20,2977.88,1825.69,1152.19,Paid,,72
CLM-100760,PT-200037,UnitedHealthcare,2025-09-07,535.48,0.0,535.48,Pending,,82
CLM-100761,PT-200208,BCBS,2025-04-09,4990.83,3473.1,1517.73,Paid,,115
CLM-100762,PT-200188,UnitedHealthcare,2025-05-10,1788.48,1363.1,425.38,Paid,,110
CLM-100763,PT-200257,BCBS,2025-04-15,4331.55,0.0,4331.55,Denied,CO-27,11
CLM-100764,PT-200206,UnitedHealthcare,2025-05-17,4236.72,3145.71,1091.01,Paid,,99
CLM-100765,PT-200181,UnitedHealthcare,2025-02-21,1048.07,862.77,185.3,Paid,,118
CLM-100766,PT-200286,BCBS,2025-07-03,1701.26,0.0,1701.26,Pending,,70
CLM-100767,PT-200063,Medicare,2025-11-20,789.57,723.12,66.45,Paid,,37
CLM-100768,PT-200150,BCBS,2025-05-07,299.16,268.61,30.55,Paid,,111
CLM-100769,PT-200172,Cigna,2025-09-09,4192.63,3139.06,1053.57,Paid,,6
CLM-100770,PT-200075,UnitedHealthcare,2025-05-14,2282.38,1984.53,297.85,Paid,,116
CLM-100771,PT-200175,BCBS,2025-07-22,3469.45,2232.91,1236.54,Paid,,80
CLM-100772,PT-200270,BCBS,2025-12-20,1807.12,1283.47,523.65,Paid,,86
CLM-100773,PT-200219,Aetna,2025-05-11,3940.8,2431.24,1509.56,Paid,,53
CLM-100774,PT-200214,BCBS,2025-01-31,2333.46,0.0,2333.46,Pending,,1
CLM-100775,PT-200126,Aetna,2025-08-03,2359.15,1824.68,534.47,Paid,,46
CLM-100776,PT-200043,Aetna,2025-11-07,496.76,493.48,3.28,Paid,,60
CLM-100777,PT-200236,Medicare,2025-10-26,2389.36,2338.19,51.17,Paid,,40
CLM-100778,PT-200131,UnitedHealthcare,2025-11-05,668.74,517.93,150.81,Paid,,32
CLM-100779,PT-200029,Aetna,2025-12-12,1467.18,1172.95,294.23,Paid,,76
CLM-100780,PT-200154,Cigna,2025-01-29,1459.11,0.0,1459.11,Denied,CO-50,116
CLM-100781,PT-200004,BCBS,2025-04-02,2734.68,0.0,2734.68,Denied,CO-27,58
CLM-100782,PT-200177,Medicare,2025-11-10,3928.07,3739.47,188.6,Paid,,49
CLM-100783,PT-200153,Aetna,2025-04-23,4099.66,3619.74,479.92,Paid,,43
CLM-100784,PT-200052,Aetna,2025-07-10,583.18,561.97,21.21,Paid,,102
CLM-100785,PT-200298,Aetna,2025-04-21,3588.66,2445.08,1143.58,Paid,,52
CLM-100786,PT-200050,UnitedHealthcare,2025-01-16,1860.13,0.0,1860.13,Pending,,81
CLM-100787,PT-200055,UnitedHealthcare,2025-10-30,2012.4,0.0,2012.4,Denied,CO-27,5
CLM-100788,PT-200084,Aetna,2025-06-08,479.63,293.72,185.91,Paid,,14
CLM-100789,PT-200190,Medicare,2025-10-06,3151.27,0.0,3151.27,Pending,,9
CLM-100790,PT-200039,BCBS,2025-07-13,2535.22,2049.7,485.52,Paid,,39
CLM-100791,PT-200082,Cigna,2025-07-03,3473.76,3433.78,39.98,Paid,,52
CLM-100792,PT-200023,Cigna,2025-11-08,291.39,187.26,104.13,Paid,,45
CLM-100793,PT-200241,Medicare,2025-12-26,2296.24,1950.86,345.38,Paid,,3
CLM-100794,PT-200105,BCBS,2025-12-11,3454.99,0.0,3454.99,Pending,,109
CLM-100795,PT-200232,UnitedHealthcare,2025-05-05,1912.42,1461.2,451.22,Paid,,69
CLM-100796,PT-200111,Aetna,2025-10-12,376.47,307.27,69.2,Paid,,37
CLM-100797,PT-200186,Cigna,2025-02-10,4274.57,3334.66,939.91,Paid,,96
CLM-100798,PT-200057,UnitedHealthcare,2025-11-30,2001.8,1384.58,617.22,Paid,,92
CLM-100799,PT-200059,Cigna,2025-09-29,4556.67,4385.21,171.46,Paid,,84
CLM-100800,PT-200001,BCBS,2025-08-06,1903.72,1872.51,31.21,Paid,,8
CLM-100801,PT-200208,Medicare,2025-11-22,1990.73,1348.09,642.64,Paid,,18
CLM-100802,PT-200009,UnitedHealthcare,2025-05-23,4146.48,3886.68,259.8,Paid,,54
CLM-100803,PT-200268,Medicare,2025-02-21,4271.19,0.0,4271.19,Denied,CO-27,37
CLM-100804,PT-200291,Aetna,2025-08-29,1474.12,0.0,1474.12,Denied,CO-27,48
CLM-100805,PT-200220,Cigna,2025-01-22,2090.7,1293.42,797.28,Paid,,88
CLM-100806,PT-200099,UnitedHealthcare,2025-07-23,3677.7,3607.86,69.84,Paid,,42
CLM-100807,PT-200177,Medicare,2025-10-10,3703.58,3406.66,296.92,Paid,,3
CLM-100808,PT-200252,BCBS,2025-03-05,3051.07,2152.19,898.88,Paid,,72
CLM-100809,PT-200091,UnitedHealthcare,2025-10-24,4587.99,0.0,4587.99,Pending,,42
CLM-100810,PT-200223,Medicare,2025-05-02,3251.58,0.0,3251.58,Denied,CO-16,61
CLM-100811,PT-200003,BCBS,2025-05-16,3597.57,0.0,3597.57,Denied,CO-50,4
CLM-100812,PT-200279,UnitedHealthcare,2025-09-03,1614.61,0.0,1614.61,Denied,CO-50,73
CLM-100813,PT-200209,UnitedHealthcare,2025-06-13,3021.84,2636.38,385.46,Paid,,2
CLM-100814,PT-200022,Cigna,2025-12-12,1839.34,1470.96,368.38,Paid,,57
CLM-100815,PT-200044,Cigna,2025-10-05,3686.27,2733.89,952.38,Paid,,68
CLM-100816,PT-200019,Medicare,2025-11-11,2973.02,2808.98,164.04,Paid,,3
CLM-100817,PT-200224,Medicare,2025-01-29,3625.01,2614.5,1010.51,Paid,,28
CLM-100818,PT-200211,UnitedHealthcare,2025-03-14,3889.86,2737.62,1152.24,Paid,,11
CLM-100819,PT-200114,Medicare,2025-01-08,1678.56,1198.57,479.99,Paid,,114
CLM-100820,PT-200048,Medicare,2025-06-17,3147.58,0.0,3147.58,Denied,CO-27,107
CLM-100821,PT-200274,Medicare,2025-07-01,4167.38,0.0,4167.38,Pending,,109
CLM-100822,PT-200252,BCBS,2025-02-02,167.67,113.18,54.49,Paid,,114
CLM-100823,PT-200094,BCBS,2025-01-05,2025.54,0.0,2025.54,Denied,CO-16,113
CLM-100824,PT-200122,Cigna,2025-02-06,2279.9,1533.9,746.0,Paid,,3
CLM-100825,PT-200152,Aetna,2025-06-14,1365.3,0.0,1365.3,Pending,,70
CLM-100826,PT-200004,BCBS,2025-07-09,1809.58,1323.59,485.99,Paid,,57
CLM-100827,PT-200267,Aetna,2025-11-04,287.67,267.9,19.77,Paid,,30
CLM-100828,PT-200067,Medicare,2025-01-31,3059.84,2932.88,126.96,Paid,,71
CLM-100829,PT-200039,Medicare,2025-08-14,992.59,734.82,257.77,Paid,,35
CLM-100830,PT-200262,Aetna,2025-02-04,2356.58,2018.28,338.3,Paid,,24
CLM-100831,PT-200282,Aetna,2025-09-11,1590.47,0.0,1590.47,Pending,,35
CLM-100832,PT-200150,BCBS,2025-09-08,3201.64,2394.39,807.25,Paid,,20
CLM-100833,PT-200209,Medicare,2025-08-13,3655.84,0.0,3655.84,Denied,CO-27,99
CLM-100834,PT-200142,Medicare,2025-11-10,3224.78,0.0,3224.78,Denied,CO-50,59
CLM-100835,PT-200198,UnitedHealthcare,2025-12-17,710.19,556.96,153.23,Paid,,43
CLM-100836,PT-200103,BCBS,2025-10-13,3001.19,0.0,3001.19,Denied,CO-27,59
CLM-100837,PT-200004,Cigna,2025-07-13,1889.05,0.0,1889.05,Denied,CO-50,77
CLM-100838,PT-200226,Aetna,2025-08-26,666.96,433.15,233.81,Paid,,88
CLM-100839,PT-200287,Aetna,2025-02-26,2598.13,2427.63,170.5,Paid,,102
CLM-100840,PT-200295,Cigna,2025-11-03,4174.63,3217.38,957.25,Paid,,120
CLM-100841,PT-200018,Medicare,2025-11-11,819.92,610.52,209.4,Paid,,88
CLM-100842,PT-200253,Cigna,2025-11-09,483.76,325.35,158.41,Paid,,95
CLM-100843,PT-200250,UnitedHealthcare,2025-11-17,4126.65,3326.2,800.45,Paid,,21
CLM-100844,PT-200044,Aetna,2025-07-08,3345.86,3040.64,305.22,Paid,,93
CLM-100845,PT-200122,UnitedHealthcare,2025-01-10,1693.56,1180.92,512.64,Paid,,42
CLM-100846,PT-200058,UnitedHealthcare,2025-09-19,1317.43,0.0,1317.43,Pending,,96
CLM-100847,PT-200143,Aetna,2025-09-30,4199.02,0.0,4199.02,Denied,CO-27,83
CLM-100848,PT-200087,Aetna,2025-09-12,416.0,327.59,88.41,Paid,,74
CLM-100849,PT-200173,Cigna,2025-05-04,4309.35,3642.84,666.51,Paid,,30
CLM-100850,PT-200110,Aetna,2025-09-21,2340.58,1615.37,725.21,Paid,,81
CLM-100851,PT-200120,Medicare,2025-03-21,2801.01,0.0,2801.01,Denied,CO-18,53
CLM-100852,PT-200090,Medicare,2025-05-17,1682.28,1529.77,152.51,Paid,,46
CLM-100853,PT-200084,Medicare,2025-07-04,2598.68,0.0,2598.68,Pending,,31
CLM-100854,PT-200150,UnitedHealthcare,2025-09-27,1308.1,1049.5,258.6,Paid,,35
CLM-100855,PT-200193,Aetna,2025-11-21,4698.33,4300.43,397.9,Paid,,69
CLM-100856,PT-200264,UnitedHealthcare,2025-06-05,2700.04,1904.39,795.65,Paid,,88
CLM-100857,PT-200300,UnitedHealthcare,2025-02-27,4240.96,3466.88,774.08,Paid,,25
CLM-100858,PT-200296,Cigna,2025-03-23,3266.07,0.0,3266.07,Denied,CO-16,61
CLM-100859,PT-200201,UnitedHealthcare,2025-08-22,4763.03,3373.5,1389.53,Paid,,105
CLM-100860,PT-200161,Medicare,2025-09-12,1591.07,0.0,1591.07,Pending,,59
CLM-100861,PT-200077,Cigna,2025-09-21,4194.33,3023.02,1171.31,Paid,,21
CLM-100862,PT-200284,UnitedHealthcare,2025-06-10,4241.18,2774.66,1466.52,Paid,,77
CLM-100863,PT-200274,Cigna,2025-07-23,3463.2,3207.4,255.8,Paid,,25
CLM-100864,PT-200007,BCBS,2025-01-12,4458.3,3997.0,461.3,Paid,,32
CLM-100865,PT-200160,UnitedHealthcare,2025-10-23,3640.14,0.0,3640.14,Denied,CO-18,105
CLM-100866,PT-200162,Medicare,2025-12-11,455.85,325.15,130.7,Paid,,61
CLM-100867,PT-200176,UnitedHealthcare,2025-04-07,1796.63,1773.13,23.5,Paid,,96
CLM-100868,PT-200297,BCBS,2025-04-01,4464.22,0.0,4464.22,Pending,,29
CLM-100869,PT-200061,Medicare,2025-10-21,4004.82,3747.33,257.49,Paid,,53
CLM-100870,PT-200266,Aetna,2025-10-20,1157.94,0.0,1157.94,Denied,CO-27,2
CLM-100871,PT-200300,UnitedHealthcare,2025-12-03,934.82,564.16,370.66,Paid,,65
CLM-100872,PT-200290,UnitedHealthcare,2025-05-16,616.81,609.34,7.47,Paid,,30
CLM-100873,PT-200085,Aetna,2025-01-11,2538.2,2107.9,430.3,Paid,,33
CLM-100874,PT-200169,Aetna,2025-11-21,457.16,298.45,158.71,Paid,,31
CLM-100875,PT-200236,Aetna,2025-02-02,4618.72,3851.69,767.03,Paid,,21
CLM-100876,PT-200159,Medicare,2025-11-07,3983.32,3008.09,975.23,Paid,,115
CLM-100877,PT-200117,Aetna,2025-04-16,207.95,204.22,3.73,Paid,,116
CLM-100878,PT-200104,Medicare,2025-11-25,3946.45,3406.64,539.81,Paid,,79
CLM-100879,PT-200103,Cigna,2025-06-05,3208.0,2977.12,230.88,Paid,,41
CLM-100880,PT-200238,BCBS,2025-09-22,2616.77,2477.47,139.3,Paid,,116
CLM-100881,PT-200051,Cigna,2025-05-26,2634.26,1764.82,869.44,Paid,,5
CLM-100882,PT-200263,UnitedHealthcare,2025-10-21,2428.14,1853.52,574.62,Paid,,19
CLM-100883,PT-200200,BCBS,2025-05-03,3885.29,3109.3,775.99,Paid,,44
CLM-100884,PT-200186,BCBS,2025-12-18,3243.93,2489.35,754.58,Paid,,88
CLM-100885,PT-200123,Medicare,2025-01-21,2588.66,1683.47,905.19,Paid,,22
CLM-100886,PT-200064,Medicare,2025-10-13,4220.05,3624.93,595.12,Paid,,61
CLM-100887,PT-200297,Cigna,2025-02-08,4225.69,3205.36,1020.33,Paid,,4
CLM-100888,PT-200286,UnitedHealthcare,2025-06-06,562.15,0.0,562.15,Denied,CO-16,51
CLM-100889,PT-200036,Cigna,2025-03-10,4853.0,3386.57,1466.43,Paid,,65
CLM-100890,PT-200065,Aetna,2025-03-29,845.02,592.6,252.42,Paid,,28
CLM-100891,PT-200208,Medicare,2025-07-08,1076.83,0.0,1076.83,Pending,,3
CLM-100892,PT-200220,BCBS,2025-03-27,204.62,157.11,47.51,Paid,,17
CLM-100893,PT-200132,BCBS,2025-09-24,384.65,0.0,384.65,Denied,CO-16,42
CLM-100894,PT-200246,Aetna,2025-02-17,2104.83,1466.09,638.74,Paid,,37
CLM-100895,PT-200300,Aetna,2025-12-27,4427.42,3591.61,835.81,Paid,,69
CLM-100896,PT-200129,UnitedHealthcare,2025-04-13,3441.34,2887.28,554.06,Paid,,115
CLM-100897,PT-200100,Cigna,2025-12-01,1061.1,1033.09,28.01,Paid,,24
CLM-100898,PT-200079,UnitedHealthcare,2025-01-18,809.19,745.58,63.61,Paid,,71
CLM-100899,PT-200064,UnitedHealthcare,2025-03-05,4086.81,2639.13,1447.68,Paid,,31
CLM-100900,PT-200290,UnitedHealthcare,2025-11-30,4631.13,3942.8,688.33,Paid,,47
CLM-100901,PT-200192,BCBS,2025-08-11,4044.06,3393.02,651.04,Paid,,81
CLM-100902,PT-200102,BCBS,2025-06-23,1836.6,0.0,1836.6,Denied,CO-16,55
CLM-100903,PT-200151,UnitedHealthcare,2025-04-25,4525.44,0.0,4525.44,Pending,,60
CLM-100904,PT-200200,Aetna,2025-12-08,4880.05,0.0,4880.05,Pending,,48
CLM-100905,PT-200001,Medicare,2025-04-12,4593.26,0.0,4593.26,Denied,CO-27,67
CLM-100906,PT-200156,UnitedHealthcare,2025-11-30,559.38,0.0,559.38,Pending,,38
CLM-100907,PT-200135,BCBS,2025-03-01,4285.14,3777.52,507.62,Paid,,28
CLM-100908,PT-200070,UnitedHealthcare,2025-04-08,3106.25,2624.35,481.9,Paid,,5
CLM-100909,PT-200056,BCBS,2025-03-10,614.16,453.55,160.61,Paid,,56
CLM-100910,PT-200154,Aetna,2025-09-04,2843.19,2776.3,66.89,Paid,,70
CLM-100911,PT-200224,Cigna,2025-01-24,2813.31,2582.13,231.18,Paid,,24
CLM-100912,PT-200034,BCBS,2025-01-01,3273.84,2788.52,485.32,Paid,,39
CLM-100913,PT-200086,Medicare,2025-10-05,4391.53,2671.26,1720.27,Paid,,28
CLM-100914,PT-200250,Aetna,2025-05-25,3828.12,2925.33,902.79,Paid,,18
CLM-100915,PT-200054,Cigna,2025-01-02,3054.69,1855.2,1199.49,Paid,,46
CLM-100916,PT-200144,UnitedHealthcare,2025-01-16,2298.36,1403.92,894.44,Paid,,104
CLM-100917,PT-200184,Cigna,2025-10-10,1884.75,1243.88,640.87,Paid,,97
CLM-100918,PT-200190,Aetna,2025-11-10,856.02,821.4,34.62,Paid,,31
CLM-100919,PT-200212,BCBS,2025-01-14,2251.68,0.0,2251.68,Pending,,101
CLM-100920,PT-200216,BCBS,2025-02-28,2542.05,0.0,2542.05,Pending,,80
CLM-100921,PT-200212,Aetna,2025-03-01,4455.32,4114.8,340.52,Paid,,94
CLM-100922,PT-200111,BCBS,2025-12-12,3079.26,0.0,3079.26,Pending,,90
CLM-100923,PT-200266,Medicare,2025-08-17,4494.42,3462.02,1032.4,Paid,,10
CLM-100924,PT-200042,Medicare,2025-04-12,749.92,478.15,271.77,Paid,,22
CLM-100925,PT-200194,BCBS,2025-02-13,573.43,372.44,200.99,Paid,,15
CLM-100926,PT-200030,Aetna,2025-10-15,3358.18,0.0,3358.18,Denied,CO-16,55
CLM-100927,PT-200196,Aetna,2025-01-12,210.49,140.89,69.6,Paid,,95
CLM-100928,PT-200183,Medicare,2025-11-14,3219.75,3055.49,164.26,Paid,,79
CLM-100929,PT-200019,Medicare,2025-05-20,206.65,0.0,206.65,Denied,CO-16,71
CLM-100930,PT-200251,Aetna,2025-02-28,1953.34,1939.11,14.23,Paid,,17
CLM-100931,PT-200147,Medicare,2025-06-01,3984.67,3114.85,869.82,Paid,,53
CLM-100932,PT-200117,UnitedHealthcare,2025-05-18,1452.51,0.0,1452.51,Denied,CO-27,12
CLM-100933,PT-200086,Cigna,2025-08-22,1514.7,1165.29,349.41,Paid,,45
CLM-100934,PT-200025,Medicare,2025-01-20,4191.77,3576.2,615.57,Paid,,110
CLM-100935,PT-200103,UnitedHealthcare,2025-06-13,2998.65,2649.36,349.29,Paid,,5
CLM-100936,PT-200001,Medicare,2025-10-25,1058.63,0.0,1058.63,Denied,CO-50,75
CLM-100937,PT-200046,Cigna,2025-01-28,710.28,648.13,62.15,Paid,,76
CLM-100938,PT-200065,Medicare,2025-11-02,4342.96,0.0,4342.96,Pending,,93
CLM-100939,PT-200212,Cigna,2025-11-01,834.76,508.83,325.93,Paid,,19
CLM-100940,PT-200120,Aetna,2025-04-08,1237.93,1156.86,81.07,Paid,,57
CLM-100941,PT-200197,Medicare,2025-06-06,4005.99,2503.94,1502.05,Paid,,1
CLM-100942,PT-200092,Cigna,2025-02-04,4430.83,3079.9,1350.93,Paid,,39
CLM-100943,PT-200057,Aetna,2025-12-23,778.6,0.0,778.6,Pending,,86
CLM-100944,PT-200220,Medicare,2025-01-16,4740.24,3516.35,1223.89,Paid,,97
CLM-100945,PT-200201,BCBS,2025-08-19,213.6,200.79,12.81,Paid,,61
CLM-100946,PT-200197,BCBS,2025-07-24,1127.84,0.0,1127.84,Denied,CO-18,13
CLM-100947,PT-200008,Medicare,2025-01-24,1265.88,905.48,360.4,Paid,,51
CLM-100948,PT-200158,BCBS,2025-11-16,312.01,261.78,50.23,Paid,,67
CLM-100949,PT-200271,BCBS,2025-06-04,2165.31,1384.34,780.97,Paid,,51
CLM-100950,PT-200116,Cigna,2025-11-11,3778.9,3368.47,410.43,Paid,,51
CLM-100951,PT-200095,Cigna,2025-04-30,4988.84,0.0,4988.84,Denied,CO-16,47
CLM-100952,PT-200057,Medicare,2025-01-22,1832.75,1762.15,70.6,Paid,,55
CLM-100953,PT-200183,BCBS,2025-10-28,751.1,480.24,270.86,Paid,,84
CLM-100954,PT-200021,Medicare,2025-12-21,4619.68,0.0,4619.68,Denied,CO-16,83
CLM-100955,PT-200113,Cigna,2025-07-27,1627.55,0.0,1627.55,Denied,CO-27,7
CLM-100956,PT-200116,BCBS,2025-11-07,278.34,204.73,73.61,Paid,,113
CLM-100957,PT-200269,Aetna,2025-09-26,4055.91,2637.72,1418.19,Paid,,99
CLM-100958,PT-200189,Medicare,2025-03-26,947.72,0.0,947.72,Pending,,11
CLM-100959,PT-200199,Cigna,2025-12-31,3183.28,1927.03,1256.25,Paid,,80
CLM-100960,PT-200073,BCBS,2025-08-23,1413.45,916.97,496.48,Paid,,23
CLM-100961,PT-200061,Aetna,2025-07-19,1842.52,1447.22,395.3,Paid,,51
CLM-100962,PT-200200,Aetna,2025-05-12,2265.04,1521.23,743.81,Paid,,3
CLM-100963,PT-200201,Medicare,2025-09-25,4263.72,0.0,4263.72,Pending,,69
CLM-100964,PT-200144,Cigna,2025-01-31,2966.73,1929.88,1036.85,Paid,,102
CLM-100965,PT-200015,UnitedHealthcare,2025-01-04,1866.4,1390.02,476.38,Paid,,55
CLM-100966,PT-200229,Medicare,2025-02-05,4141.15,0.0,4141.15,Denied,CO-50,107
CLM-100967,PT-200138,Aetna,2025-10-30,3533.56,2621.12,912.44,Paid,,30
CLM-100968,PT-200252,BCBS,2025-01-02,2828.58,1880.93,947.65,Paid,,100
CLM-100969,PT-200072,Cigna,2025-08-12,4943.05,0.0,4943.05,Denied,CO-16,24
CLM-100970,PT-200010,BCBS,2025-12-19,739.23,650.35,88.88,Paid,,94
CLM-100971,PT-200193,Cigna,2025-09-19,2514.52,0.0,2514.52,Denied,CO-50,113
CLM-100972,PT-200235,UnitedHealthcare,2025-04-14,2758.16,2605.04,153.12,Paid,,102
CLM-100973,PT-200243,BCBS,2025-04-13,1255.1,0.0,1255.1,Pending,,88
CLM-100974,PT-200119,BCBS,2025-05-28,832.19,689.56,142.63,Paid,,75
CLM-100975,PT-200055,Medicare,2025-06-15,4683.26,3501.45,1181.81,Paid,,20
CLM-100976,PT-200255,BCBS,2025-08-08,1351.03,886.89,464.14,Paid,,78
CLM-100977,PT-200167,Medicare,2025-07-29,850.72,542.91,307.81,Paid,,109
CLM-100978,PT-200165,UnitedHealthcare,2025-03-25,775.22,521.69,253.53,Paid,,48
CLM-100979,PT-200151,Cigna,2025-09-17,4383.25,4085.37,297.88,Paid,,3
CLM-100980,PT-200276,BCBS,2025-12-23,2626.29,2614.36,11.93,Paid,,61
CLM-100981,PT-200110,UnitedHealthcare,2025-04-10,3528.41,3327.76,200.65,Paid,,44
CLM-100982,PT-200251,BCBS,2025-03-24,3361.11,2544.78,816.33,Paid,,84
CLM-100983,PT-200014,Medicare,2025-08-21,568.69,0.0,568.69,Denied,CO-50,116
CLM-100984,PT-200248,UnitedHealthcare,2025-08-31,916.16,689.29,226.87,Paid,,50
CLM-100985,PT-200102,UnitedHealthcare,2025-11-03,4059.94,3552.73,507.21,Paid,,120
CLM-100986,PT-200278,Medicare,2025-03-12,464.19,321.19,143.0,Paid,,72
CLM-100987,PT-200082,Cigna,2026-01-01,4097.76,3366.97,730.79,Paid,,23
CLM-100988,PT-200064,Cigna,2025-11-20,2696.92,2492.22,204.7,Paid,,86
CLM-100989,PT-200251,BCBS,2025-04-18,1836.48,1681.83,154.65,Paid,,43
CLM-100990,PT-200070,BCBS,2025-05-17,2404.74,0.0,2404.74,Pending,,95
CLM-100991,PT-200235,Medicare,2025-03-17,694.07,684.83,9.24,Paid,,116
CLM-100992,PT-200106,Medicare,2025-07-04,1876.69,1166.51,710.18,Paid,,14
CLM-100993,PT-200240,Aetna,2025-03-04,1885.67,1542.06,343.61,Paid,,57
CLM-100994,PT-200192,UnitedHealthcare,2025-10-12,369.54,257.66,111.88,Paid,,106
CLM-100995,PT-200141,Cigna,2025-12-20,4619.87,4077.02,542.85,Paid,,14
CLM-100996,PT-200155,Medicare,2025-01-27,3378.25,0.0,3378.25,Pending,,40
CLM-100997,PT-200101,Cigna,2025-07-02,3379.27,2253.84,1125.43,Paid,,91
CLM-100998,PT-200254,Aetna,2025-02-05,2170.51,1767.51,403.0,Paid,,118
CLM-100999,PT-200192,Cigna,2025-06-22,1948.73,1354.62,594.11,Paid,,26
CLM-101000,PT-200001,BCBS,2025-12-04,1057.7,0.0,1057.7,Pending,,110
